order_id,order_date,customer_id,region,channel,category,payment_method,unit_price,quantity,discount_pct,delivery_days,satisfaction_score,gross_sales,discount_value,net_sales
1,2025-02-02,10439,Pacífica,App,Tecnología,Tarjeta,72.82,4,15,3,9,291.28,43.69,247.59
2,2025-10-10,10238,Pacífica,App,Snacks,Efectivo,10.07,2,20,5,11,20.14,4.03,16.11
3,2025-08-27,10492,Orinoquía,App,Snacks,Tarjeta,40.4,5,5,9,8,202.0,10.1,191.9
4,2025-06-10,10380,Pacífica,App,Bebidas,PSE,35.71,3,30,5,10,107.13,32.14,74.99
5,2025-06-08,10325,Andina,App,Bebidas,PSE,36.25,5,20,2,11,181.25,36.25,145.0
6,2025-11-10,10451,Andina,Web,Hogar,Efectivo,98.46,4,0,3,11,393.84,0.0,393.84
7,2025-02-01,10257,Pacífica,App,Deporte,Tarjeta,27.86,1,15,3,8,27.86,4.18,23.68
8,2025-09-12,10360,Caribe,Web,Snacks,Tarjeta,44.4,1,10,7,11,44.4,4.44,39.96
9,2025-03-15,10142,Andina,Web,Aseo,Tarjeta,29.8,1,10,3,9,29.8,2.98,26.82
10,2025-02-04,10481,Caribe,Tienda,Deporte,Tarjeta,97.48,1,10,3,8,97.48,9.75,87.73
11,2025-07-12,10311,Orinoquía,App,Tecnología,PSE,110.82,2,20,6,8,221.64,44.33,177.31
12,2025-12-23,10391,Orinoquía,Tienda,Bebidas,Tarjeta,50.68,1,10,5,7,50.68,5.07,45.61
13,2025-09-26,10230,Pacífica,Web,Hogar,Tarjeta,34.21,6,10,7,9,205.26,20.53,184.73
14,2025-10-05,10433,Caribe,Web,Bebidas,Tarjeta,30.53,6,0,4,8,183.18,0.0,183.18
15,2025-09-19,10037,Andina,Web,Snacks,PSE,52.78,2,5,3,10,105.56,5.28,100.28
16,2025-10-14,10057,Caribe,Web,Snacks,Tarjeta,65.77,2,20,6,11,131.54,26.31,105.23
17,2025-07-07,10253,Andina,Web,Hogar,PSE,65.57,5,15,2,9,327.85,49.18,278.67
18,2025-02-16,10366,Pacífica,Web,Snacks,Tarjeta,24.68,4,0,6,8,98.72,0.0,98.72
19,2025-11-03,10404,Pacífica,Web,Snacks,Transferencia,43.72,4,20,6,8,174.88,34.98,139.9
20,2025-06-14,10220,Andina,Tienda,Snacks,PSE,75.88,6,20,1,10,455.28,91.06,364.22
21,2025-07-02,10324,Andina,Web,Aseo,Tarjeta,51.53,4,10,3,12,206.12,20.61,185.51
22,2025-05-16,10276,Andina,Web,Hogar,Tarjeta,87.16,5,0,3,10,435.8,0.0,435.8
23,2025-03-08,10480,Orinoquía,App,Aseo,Tarjeta,34.84,4,10,7,8,139.36,13.94,125.42
24,2025-12-05,10327,Pacífica,Web,Snacks,Tarjeta,37.85,4,0,5,8,151.4,0.0,151.4
25,2025-10-13,10208,Andina,Tienda,Hogar,Tarjeta,68.63,2,0,3,9,137.26,0.0,137.26
26,2025-08-24,10484,Orinoquía,App,Hogar,Efectivo,63.74,4,10,9,8,254.96,25.5,229.46
27,2025-05-27,10053,Caribe,Web,Bebidas,PSE,30.51,6,20,3,10,183.06,36.61,146.45
28,2025-10-28,10492,Caribe,App,Deporte,Tarjeta,48.35,3,5,4,10,145.05,7.25,137.8
29,2025-07-19,10077,Amazonía,App,Deporte,PSE,99.76,1,20,9,7,99.76,19.95,79.81
30,2025-06-11,10144,Andina,App,Hogar,Tarjeta,81.21,4,20,4,9,324.84,64.97,259.87
31,2025-06-14,10410,Andina,App,Hogar,Transferencia,88.27,5,0,4,9,441.35,0.0,441.35
32,2025-03-24,10366,Pacífica,App,Tecnología,Tarjeta,170.44,6,0,9,6,1022.64,0.0,1022.64
33,2025-02-03,10485,Andina,App,Aseo,PSE,52.17,4,15,4,10,208.68,31.3,177.38
34,2025-07-22,10374,Pacífica,Web,Aseo,Efectivo,43.34,5,15,7,9,216.7,32.5,184.2
35,2025-11-21,10318,Andina,App,Aseo,Tarjeta,76.25,2,5,2,7,152.5,7.62,144.88
36,2025-01-24,10173,Andina,Tienda,Bebidas,Tarjeta,56.55,3,10,1,10,169.65,16.96,152.69
37,2025-11-10,10002,Andina,App,Deporte,Tarjeta,43.4,3,10,2,8,130.2,13.02,117.18
38,2025-10-30,10061,Caribe,App,Snacks,Efectivo,22.58,2,15,5,10,45.16,6.77,38.39
39,2025-04-12,10148,Andina,Web,Snacks,Tarjeta,46.08,5,15,4,9,230.4,34.56,195.84
40,2025-08-19,10020,Andina,App,Deporte,PSE,66.43,6,0,3,11,398.58,0.0,398.58
41,2025-03-02,10254,Orinoquía,Tienda,Hogar,Efectivo,54.42,2,0,6,9,108.84,0.0,108.84
42,2025-10-04,10388,Andina,Web,Hogar,Efectivo,78.6,1,0,2,8,78.6,0.0,78.6
43,2025-09-13,10481,Caribe,Web,Snacks,Tarjeta,50.19,5,25,4,8,250.95,62.74,188.21
44,2025-05-10,10244,Andina,Web,Snacks,Tarjeta,58.98,6,20,4,9,353.88,70.78,283.1
45,2025-01-25,10437,Caribe,Web,Tecnología,PSE,22.51,6,15,6,7,135.06,20.26,114.8
46,2025-12-21,10492,Andina,App,Aseo,Tarjeta,54.52,2,0,1,12,109.04,0.0,109.04
47,2025-06-12,10429,Pacífica,Web,Bebidas,Efectivo,56.23,5,10,6,9,281.15,28.12,253.03
48,2025-11-22,10232,Andina,Web,Deporte,Tarjeta,27.84,5,0,2,11,139.2,0.0,139.2
49,2025-09-05,10162,Orinoquía,App,Aseo,Tarjeta,36.53,5,5,7,8,182.65,9.13,173.52
50,2025-10-12,10488,Amazonía,App,Tecnología,Efectivo,65.72,5,0,7,8,328.6,0.0,328.6
51,2025-10-05,10120,Andina,App,Aseo,Tarjeta,49.93,6,20,5,9,299.58,59.92,239.66
52,2025-03-13,10205,Andina,App,Hogar,Tarjeta,90.81,3,0,2,11,272.43,0.0,272.43
53,2025-05-13,10037,Andina,App,Tecnología,Tarjeta,179.09,1,10,3,10,179.09,17.91,161.18
54,2025-06-20,10396,Pacífica,App,Deporte,Tarjeta,48.21,2,30,6,8,96.42,28.93,67.49
55,2025-07-01,10324,Andina,App,Snacks,Efectivo,46.61,6,10,1,12,279.66,27.97,251.69
56,2025-01-16,10042,Orinoquía,Web,Tecnología,Tarjeta,121.13,6,0,7,8,726.78,0.0,726.78
57,2025-07-19,10110,Orinoquía,App,Deporte,Tarjeta,82.59,1,20,6,9,82.59,16.52,66.07
58,2025-02-26,10277,Orinoquía,Web,Hogar,Tarjeta,63.78,3,10,6,5,191.34,19.13,172.21
59,2025-09-29,10270,Caribe,Web,Bebidas,Transferencia,49.35,2,5,4,10,98.7,4.94,93.76
60,2025-09-07,10401,Amazonía,Web,Snacks,Tarjeta,64.49,2,10,10,8,128.98,12.9,116.08
61,2025-12-03,10133,Andina,App,Snacks,Transferencia,55.48,4,20,2,11,221.92,44.38,177.54
62,2025-09-29,10462,Caribe,App,Bebidas,Efectivo,25.34,4,5,5,8,101.36,5.07,96.29
63,2025-05-14,10222,Andina,Web,Tecnología,Tarjeta,130.51,3,10,4,9,391.53,39.15,352.38
64,2025-12-20,10411,Amazonía,App,Deporte,Efectivo,97.02,3,5,5,8,291.06,14.55,276.51
65,2025-05-30,10119,Pacífica,Web,Hogar,PSE,61.93,4,0,6,9,247.72,0.0,247.72
66,2025-04-29,10018,Orinoquía,App,Hogar,Tarjeta,79.89,5,15,4,10,399.45,59.92,339.53
67,2025-11-27,10027,Andina,App,Tecnología,Tarjeta,106.45,1,0,4,9,106.45,0.0,106.45
68,2025-05-16,10186,Amazonía,App,Aseo,Efectivo,53.47,1,5,7,9,53.47,2.67,50.8
69,2025-01-28,10476,Caribe,App,Aseo,Efectivo,51.9,3,5,4,9,155.7,7.78,147.92
70,2025-06-21,10024,Caribe,Web,Hogar,Efectivo,10.6,3,0,3,8,31.8,0.0,31.8
71,2025-10-18,10184,Amazonía,Web,Snacks,Transferencia,37.26,6,5,8,8,223.56,11.18,212.38
72,2025-03-11,10054,Caribe,App,Bebidas,Tarjeta,32.24,6,10,6,7,193.44,19.34,174.1
73,2025-06-18,10465,Caribe,App,Hogar,Efectivo,28.9,4,0,3,9,115.6,0.0,115.6
74,2025-02-17,10337,Pacífica,Web,Tecnología,Efectivo,155.79,1,0,4,7,155.79,0.0,155.79
75,2025-09-08,10381,Andina,Web,Bebidas,Tarjeta,52.87,1,20,4,9,52.87,10.57,42.3
76,2025-06-23,10356,Andina,Web,Snacks,Tarjeta,38.04,3,25,4,8,114.12,28.53,85.59
77,2025-05-01,10328,Andina,Web,Snacks,Tarjeta,29.8,4,5,1,10,119.2,5.96,113.24
78,2025-03-24,10386,Andina,Web,Tecnología,Efectivo,110.73,4,0,6,10,442.92,0.0,442.92
79,2025-07-26,10004,Orinoquía,Web,Hogar,Tarjeta,76.81,1,0,8,7,76.81,0.0,76.81
80,2025-09-02,10432,Pacífica,Tienda,Hogar,PSE,36.81,6,0,5,9,220.86,0.0,220.86
81,2025-12-10,10369,Caribe,Web,Hogar,Tarjeta,54.89,3,5,4,12,164.67,8.23,156.44
82,2025-06-09,10369,Caribe,Web,Snacks,Tarjeta,51.87,4,25,2,11,207.48,51.87,155.61
83,2025-02-28,10196,Caribe,Web,Tecnología,PSE,22.33,1,15,6,8,22.33,3.35,18.98
84,2025-10-31,10400,Pacífica,Web,Bebidas,Tarjeta,42.99,5,0,4,8,214.95,0.0,214.95
85,2025-08-18,10190,Amazonía,App,Bebidas,Efectivo,36.44,4,25,8,9,145.76,36.44,109.32
86,2025-09-13,10024,Amazonía,Web,Tecnología,Tarjeta,93.7,2,5,8,7,187.4,9.37,178.03
87,2025-02-05,10453,Caribe,App,Hogar,Transferencia,43.96,2,0,5,8,87.92,0.0,87.92
88,2025-04-25,10117,Andina,App,Snacks,Tarjeta,40.62,3,5,2,11,121.86,6.09,115.77
89,2025-10-08,10050,Caribe,Web,Aseo,Transferencia,87.59,1,0,6,9,87.59,0.0,87.59
90,2025-10-31,10310,Pacífica,App,Bebidas,PSE,38.3,6,20,3,8,229.8,45.96,183.84
91,2025-06-08,10116,Caribe,Tienda,Tecnología,Tarjeta,110.55,5,5,29,0,552.75,27.64,525.11
92,2025-10-21,10429,Pacífica,Web,Tecnología,Tarjeta,177.99,6,10,9,7,1067.94,106.79,961.15
93,2025-11-04,10221,Pacífica,Web,Snacks,Tarjeta,30.03,3,5,8,9,90.09,4.5,85.59
94,2025-05-22,10002,Andina,Tienda,Aseo,PSE,85.43,4,20,5,11,341.72,68.34,273.38
95,2025-11-24,10475,Andina,App,Snacks,Efectivo,38.58,3,10,3,12,115.74,11.57,104.17
96,2025-04-16,10257,Caribe,Web,Aseo,Tarjeta,84.78,3,5,6,8,254.34,12.72,241.62
97,2025-03-29,10131,Andina,App,Snacks,Tarjeta,50.05,4,0,3,9,200.2,0.0,200.2
98,2025-09-07,10338,Andina,Web,Snacks,PSE,43.23,3,20,1,11,129.69,25.94,103.75
99,2025-08-21,10265,Pacífica,App,Aseo,Tarjeta,48.2,5,10,7,8,241.0,24.1,216.9
100,2025-02-21,10014,Caribe,Web,Deporte,PSE,53.65,1,0,6,8,53.65,0.0,53.65
101,2025-10-31,10379,Andina,Web,Tecnología,Tarjeta,102.0,2,20,3,10,204.0,40.8,163.2
102,2025-03-14,10200,Pacífica,App,Snacks,PSE,52.32,6,0,3,6,313.92,0.0,313.92
103,2025-10-21,10349,Orinoquía,Tienda,Deporte,Transferencia,71.13,6,0,5,9,426.78,0.0,426.78
104,2025-01-03,10447,Andina,App,Snacks,Tarjeta,33.62,5,10,1,10,168.1,16.81,151.29
105,2025-10-18,10305,Orinoquía,Web,Deporte,Tarjeta,64.33,3,0,9,9,192.99,0.0,192.99
106,2025-10-15,10335,Amazonía,Web,Snacks,Tarjeta,53.78,3,5,6,8,161.34,8.07,153.27
107,2025-10-12,10127,Pacífica,Tienda,Hogar,PSE,81.95,1,0,5,7,81.95,0.0,81.95
108,2025-08-31,10118,Pacífica,Tienda,Snacks,Tarjeta,28.23,2,0,3,9,56.46,0.0,56.46
109,2025-06-22,10207,Andina,Web,Tecnología,Transferencia,72.52,5,0,1,7,362.6,0.0,362.6
110,2025-09-15,10426,Amazonía,App,Snacks,PSE,44.34,3,0,8,6,133.02,0.0,133.02
111,2025-04-12,10262,Caribe,Web,Deporte,Tarjeta,115.19,3,25,4,11,345.57,86.39,259.18
112,2025-10-12,10174,Amazonía,Web,Bebidas,Efectivo,64.17,1,10,10,7,64.17,6.42,57.75
113,2025-07-22,10389,Pacífica,Web,Hogar,Tarjeta,27.46,3,5,3,10,82.38,4.12,78.26
114,2025-06-17,10426,Andina,Web,Bebidas,Efectivo,39.35,5,5,2,7,196.75,9.84,186.91
115,2025-07-04,10451,Andina,Web,Deporte,Tarjeta,44.88,4,15,1,10,179.52,26.93,152.59
116,2025-07-27,10149,Pacífica,App,Aseo,PSE,44.2,4,0,1,9,176.8,0.0,176.8
117,2025-01-14,10354,Pacífica,Web,Tecnología,Transferencia,162.53,6,0,8,9,975.18,0.0,975.18
118,2025-02-21,10295,Andina,Web,Deporte,Efectivo,30.81,2,10,6,9,61.62,6.16,55.46
119,2025-03-31,10224,Pacífica,Web,Hogar,Efectivo,19.38,2,5,5,10,38.76,1.94,36.82
120,2025-02-11,10198,Orinoquía,Web,Bebidas,Tarjeta,29.42,4,15,6,11,117.68,17.65,100.03
121,2025-06-10,10057,Caribe,Web,Snacks,Efectivo,42.92,3,20,4,9,128.76,25.75,103.01
122,2025-09-01,10137,Caribe,App,Snacks,PSE,48.06,6,20,6,11,288.36,57.67,230.69
123,2025-08-27,10274,Andina,Web,Deporte,PSE,84.01,1,0,2,8,84.01,0.0,84.01
124,2025-06-21,10443,Orinoquía,App,Deporte,Tarjeta,105.12,1,0,7,7,105.12,0.0,105.12
125,2025-11-09,10433,Andina,Tienda,Aseo,Tarjeta,14.59,3,0,2,10,43.77,0.0,43.77
126,2025-07-26,10093,Orinoquía,Web,Deporte,PSE,105.49,3,15,6,7,316.47,47.47,269.0
127,2025-01-29,10339,Caribe,Tienda,Snacks,Tarjeta,33.69,6,20,3,11,202.14,40.43,161.71
128,2025-10-07,10042,Pacífica,Tienda,Tecnología,PSE,127.97,3,25,5,10,383.91,95.98,287.93
129,2025-07-29,10337,Andina,App,Aseo,Efectivo,23.3,3,0,1,11,69.9,0.0,69.9
130,2025-08-20,10170,Andina,App,Snacks,Transferencia,38.58,2,20,4,10,77.16,15.43,61.73
131,2025-07-26,10224,Orinoquía,App,Snacks,Tarjeta,42.14,3,10,6,9,126.42,12.64,113.78
132,2025-07-22,10358,Caribe,App,Aseo,Transferencia,72.38,4,20,4,10,289.52,57.9,231.62
133,2025-02-03,10212,Caribe,App,Aseo,Tarjeta,18.11,4,10,6,8,72.44,7.24,65.2
134,2025-07-24,10403,Amazonía,Web,Snacks,Tarjeta,38.97,4,0,8,7,155.88,0.0,155.88
135,2025-10-18,10266,Amazonía,Tienda,Aseo,Efectivo,28.01,3,0,8,8,84.03,0.0,84.03
136,2025-04-21,10499,Orinoquía,App,Bebidas,Tarjeta,52.9,1,25,4,10,52.9,13.22,39.68
137,2025-08-09,10319,Andina,App,Deporte,Tarjeta,93.73,1,5,2,9,93.73,4.69,89.04
138,2025-01-12,10148,Pacífica,Web,Aseo,Tarjeta,74.99,1,5,5,9,74.99,3.75,71.24
139,2025-05-07,10387,Orinoquía,Web,Bebidas,Tarjeta,34.58,4,5,10,9,138.32,6.92,131.4
140,2025-06-09,10203,Caribe,Web,Hogar,Efectivo,75.4,6,5,1,9,452.4,22.62,429.78
141,2025-12-25,10267,Andina,Web,Deporte,Tarjeta,110.42,6,25,3,10,662.52,165.63,496.89
142,2025-03-20,10068,Orinoquía,Web,Aseo,Tarjeta,16.96,2,0,9,5,33.92,0.0,33.92
143,2025-04-11,10059,Caribe,Web,Deporte,PSE,89.01,1,0,3,9,89.01,0.0,89.01
144,2025-05-30,10287,Pacífica,Web,Hogar,Tarjeta,76.09,4,15,5,10,304.36,45.65,258.71
145,2025-12-29,10093,Amazonía,Web,Tecnología,PSE,88.75,1,10,9,9,88.75,8.88,79.87
146,2025-11-08,10498,Pacífica,Web,Snacks,Transferencia,19.85,4,0,6,8,79.4,0.0,79.4
147,2025-01-13,10427,Caribe,Tienda,Bebidas,Efectivo,60.6,3,0,6,9,181.8,0.0,181.8
148,2025-03-27,10350,Caribe,Web,Aseo,Efectivo,25.75,6,0,5,9,154.5,0.0,154.5
149,2025-10-27,10367,Caribe,Web,Deporte,Tarjeta,66.4,4,0,7,9,265.6,0.0,265.6
150,2025-01-22,10297,Andina,Web,Tecnología,Efectivo,97.41,5,0,3,10,487.05,0.0,487.05
151,2025-11-09,10030,Orinoquía,Web,Tecnología,Tarjeta,127.34,3,0,6,10,382.02,0.0,382.02
152,2025-04-13,10196,Orinoquía,Web,Deporte,Tarjeta,53.58,6,15,7,8,321.48,48.22,273.26
153,2025-12-01,10247,Andina,App,Aseo,PSE,35.95,4,20,1,9,143.8,28.76,115.04
154,2025-04-18,10457,Andina,Tienda,Snacks,Tarjeta,40.02,4,20,3,11,160.08,32.02,128.06
155,2025-06-08,10109,Orinoquía,Web,Deporte,Efectivo,100.28,3,5,7,9,300.84,15.04,285.8
156,2025-08-30,10248,Andina,App,Hogar,PSE,105.32,3,0,2,11,315.96,0.0,315.96
157,2025-02-16,10172,Caribe,Web,Snacks,Transferencia,15.28,6,30,5,12,91.68,27.5,64.18
158,2025-07-23,10067,Caribe,Web,Snacks,Tarjeta,43.36,3,15,3,12,130.08,19.51,110.57
159,2025-07-04,10051,Pacífica,Web,Deporte,Tarjeta,40.43,1,10,7,9,40.43,4.04,36.39
160,2025-10-14,10182,Andina,Web,Bebidas,PSE,61.93,3,0,2,10,185.79,0.0,185.79
161,2025-12-30,10041,Pacífica,App,Bebidas,Tarjeta,27.48,3,0,7,6,82.44,0.0,82.44
162,2025-08-31,10033,Caribe,App,Tecnología,Tarjeta,72.28,3,10,4,10,216.84,21.68,195.16
163,2025-05-30,10175,Pacífica,App,Bebidas,PSE,33.63,1,10,6,8,33.63,3.36,30.27
164,2025-05-29,10100,Andina,Web,Snacks,Transferencia,37.33,1,0,3,9,37.33,0.0,37.33
165,2025-06-02,10277,Caribe,App,Deporte,PSE,80.74,2,25,5,10,161.48,40.37,121.11
166,2025-10-25,10008,Caribe,Web,Aseo,Tarjeta,59.08,3,10,5,10,177.24,17.72,159.52
167,2025-04-28,10150,Andina,Web,Tecnología,Tarjeta,98.77,1,10,1,10,98.77,9.88,88.89
168,2025-03-02,10226,Andina,Web,Aseo,PSE,23.17,3,0,5,10,69.51,0.0,69.51
169,2025-05-03,10481,Andina,App,Bebidas,Tarjeta,56.81,2,15,3,7,113.62,17.04,96.58
170,2025-01-09,10317,Andina,Tienda,Snacks,Tarjeta,37.68,1,15,4,10,37.68,5.65,32.03
171,2025-02-08,10440,Andina,Web,Tecnología,Tarjeta,145.0,2,0,4,10,290.0,0.0,290.0
172,2025-02-02,10171,Amazonía,App,Bebidas,Tarjeta,31.54,2,10,6,11,63.08,6.31,56.77
173,2025-10-09,10224,Caribe,App,Hogar,Tarjeta,19.75,1,10,3,10,19.75,1.98,17.77
174,2025-09-21,10210,Orinoquía,App,Aseo,Tarjeta,48.83,5,20,8,11,244.15,48.83,195.32
175,2025-09-12,10443,Amazonía,Web,Aseo,PSE,75.16,1,0,8,8,75.16,0.0,75.16
176,2025-06-18,10479,Andina,App,Deporte,Tarjeta,76.1,4,20,4,10,304.4,60.88,243.52
177,2025-09-19,10481,Pacífica,App,Hogar,PSE,50.61,4,5,5,9,202.44,10.12,192.32
178,2025-02-28,10375,Orinoquía,App,Hogar,Tarjeta,35.85,5,0,8,8,179.25,0.0,179.25
179,2025-11-25,10251,Pacífica,Web,Aseo,Efectivo,84.3,4,0,6,7,337.2,0.0,337.2
180,2025-07-02,10270,Caribe,Tienda,Aseo,Tarjeta,29.11,4,0,4,8,116.44,0.0,116.44
181,2025-12-09,10490,Caribe,Web,Tecnología,Tarjeta,70.27,5,0,4,7,351.35,0.0,351.35
182,2025-02-25,10142,Andina,App,Bebidas,Tarjeta,54.03,6,5,3,10,324.18,16.21,307.97
183,2025-07-01,10173,Caribe,Web,Snacks,Tarjeta,9.92,2,15,7,9,19.84,2.98,16.86
184,2025-09-12,10448,Amazonía,Web,Hogar,Tarjeta,83.04,5,0,8,7,415.2,0.0,415.2
185,2025-06-30,10193,Amazonía,Web,Hogar,Efectivo,68.73,3,30,9,8,206.19,61.86,144.33
186,2025-06-12,10117,Andina,Web,Bebidas,Transferencia,59.83,1,0,3,10,59.83,0.0,59.83
187,2025-03-02,10280,Pacífica,Web,Tecnología,Tarjeta,121.1,4,10,5,10,484.4,48.44,435.96
188,2025-05-20,10162,Andina,Web,Hogar,Tarjeta,51.46,6,25,6,8,308.76,77.19,231.57
189,2025-03-29,10445,Amazonía,Web,Snacks,PSE,22.13,1,20,10,6,22.13,4.43,17.7
190,2025-04-21,10454,Andina,Web,Tecnología,PSE,93.45,1,10,3,11,93.45,9.35,84.1
191,2025-09-07,10153,Amazonía,App,Deporte,Tarjeta,43.61,6,15,8,7,261.66,39.25,222.41
192,2025-08-19,10264,Orinoquía,App,Aseo,Efectivo,59.13,4,0,5,9,236.52,0.0,236.52
193,2025-08-10,10491,Andina,App,Snacks,Tarjeta,50.92,2,0,3,11,101.84,0.0,101.84
194,2025-05-13,10371,Andina,Web,Snacks,PSE,61.24,5,5,4,11,306.2,15.31,290.89
195,2025-12-17,10107,Orinoquía,Web,Hogar,Tarjeta,63.18,3,0,9,8,189.54,0.0,189.54
196,2025-02-01,10295,Andina,Tienda,Bebidas,Tarjeta,60.27,2,5,4,10,120.54,6.03,114.51
197,2025-05-06,10309,Caribe,Web,Aseo,Tarjeta,43.62,2,0,3,12,87.24,0.0,87.24
198,2025-02-13,10326,Amazonía,Web,Bebidas,Efectivo,35.58,4,20,10,5,142.32,28.46,113.86
199,2025-05-04,10012,Pacífica,Tienda,Bebidas,Tarjeta,52.34,1,20,4,9,52.34,10.47,41.87
200,2025-12-18,10149,Caribe,Tienda,Aseo,Efectivo,41.85,3,15,2,11,125.55,18.83,106.72
201,2025-05-14,10427,Caribe,Web,Tecnología,Efectivo,109.66,2,15,7,8,219.32,32.9,186.42
202,2025-11-28,10120,Andina,App,Deporte,PSE,41.15,1,0,5,10,41.15,0.0,41.15
203,2025-06-30,10149,Amazonía,Web,Bebidas,Tarjeta,28.48,5,0,9,7,142.4,0.0,142.4
204,2025-09-13,10161,Andina,App,Snacks,Tarjeta,48.29,1,10,4,9,48.29,4.83,43.46
205,2025-06-16,10088,Andina,Web,Aseo,Tarjeta,67.06,6,10,4,9,402.36,40.24,362.12
206,2025-04-08,10077,Andina,Web,Hogar,PSE,33.32,1,5,5,8,33.32,1.67,31.65
207,2025-10-06,10173,Amazonía,App,Deporte,Transferencia,90.68,3,5,9,7,272.04,13.6,258.44
208,2025-12-20,10437,Andina,Web,Tecnología,Tarjeta,77.9,1,5,1,10,77.9,3.9,74.0
209,2025-04-07,10000,Orinoquía,App,Hogar,Efectivo,55.36,3,0,10,6,166.08,0.0,166.08
210,2025-10-12,10141,Pacífica,Web,Bebidas,Tarjeta,68.94,4,0,7,9,275.76,0.0,275.76
211,2025-04-06,10030,Orinoquía,App,Bebidas,Tarjeta,58.21,1,5,6,9,58.21,2.91,55.3
212,2025-09-19,10280,Amazonía,App,Bebidas,Tarjeta,58.01,4,10,6,10,232.04,23.2,208.84
213,2025-10-15,10125,Orinoquía,Web,Hogar,PSE,96.99,5,25,8,7,484.95,121.24,363.71
214,2025-06-14,10395,Amazonía,App,Snacks,Tarjeta,27.66,3,10,7,6,82.98,8.3,74.68
215,2025-09-26,10292,Andina,Web,Snacks,Tarjeta,23.32,1,15,4,10,23.32,3.5,19.82
216,2025-04-10,10391,Orinoquía,Web,Tecnología,Efectivo,70.4,5,15,8,12,352.0,52.8,299.2
217,2025-01-29,10317,Caribe,Web,Tecnología,Tarjeta,88.92,2,0,4,10,177.84,0.0,177.84
218,2025-02-05,10219,Caribe,App,Aseo,Tarjeta,5.4,1,10,2,9,5.4,0.54,4.86
219,2025-06-13,10430,Orinoquía,App,Deporte,Tarjeta,65.57,3,5,7,9,196.71,9.84,186.87
220,2025-11-26,10238,Amazonía,Tienda,Tecnología,Tarjeta,77.43,2,10,6,10,154.86,15.49,139.37
221,2025-02-16,10474,Pacífica,App,Tecnología,Tarjeta,130.04,1,0,5,7,130.04,0.0,130.04
222,2025-06-16,10497,Caribe,Tienda,Deporte,Tarjeta,81.58,5,20,2,12,407.9,81.58,326.32
223,2025-09-14,10294,Caribe,Web,Snacks,PSE,29.25,4,25,4,10,117.0,29.25,87.75
224,2025-03-15,10337,Caribe,Tienda,Tecnología,Tarjeta,122.36,6,0,5,8,734.16,0.0,734.16
225,2025-09-21,10127,Caribe,App,Deporte,PSE,92.19,3,0,5,9,276.57,0.0,276.57
226,2025-04-22,10407,Caribe,Web,Deporte,Tarjeta,49.52,3,0,3,10,148.56,0.0,148.56
227,2025-10-23,10335,Andina,App,Hogar,Tarjeta,44.15,6,15,1,10,264.9,39.73,225.17
228,2025-07-31,10451,Andina,Web,Tecnología,Tarjeta,10.88,1,10,3,8,10.88,1.09,9.79
229,2025-07-19,10133,Orinoquía,Web,Deporte,Tarjeta,40.31,3,0,8,8,120.93,0.0,120.93
230,2025-03-06,10393,Caribe,Web,Deporte,Tarjeta,50.27,5,15,5,7,251.35,37.7,213.65
231,2025-06-19,10235,Amazonía,Web,Deporte,Tarjeta,73.62,2,5,7,8,147.24,7.36,139.88
232,2025-11-09,10092,Pacífica,Web,Tecnología,Transferencia,61.56,6,5,6,10,369.36,18.47,350.89
233,2025-01-08,10085,Andina,App,Aseo,Efectivo,39.33,2,5,5,9,78.66,3.93,74.73
234,2025-10-04,10281,Andina,App,Tecnología,Tarjeta,50.48,3,10,3,11,151.44,15.14,136.3
235,2025-06-29,10159,Andina,Web,Aseo,PSE,52.89,6,5,1,11,317.34,15.87,301.47
236,2025-09-20,10050,Amazonía,Web,Tecnología,PSE,115.86,2,0,9,10,231.72,0.0,231.72
237,2025-08-31,10213,Andina,Web,Tecnología,Efectivo,114.93,6,5,6,8,689.58,34.48,655.1
238,2025-06-07,10326,Caribe,Web,Deporte,Tarjeta,71.85,1,20,3,11,71.85,14.37,57.48
239,2025-04-23,10159,Amazonía,App,Hogar,Tarjeta,21.1,2,10,8,8,42.2,4.22,37.98
240,2025-08-17,10477,Amazonía,Web,Aseo,Tarjeta,37.22,4,20,8,10,148.88,29.78,119.1
241,2025-02-21,10389,Andina,App,Bebidas,Tarjeta,36.83,4,10,3,10,147.32,14.73,132.59
242,2025-08-02,10256,Andina,App,Hogar,Tarjeta,46.13,6,15,3,12,276.78,41.52,235.26
243,2025-02-04,10467,Andina,App,Hogar,Efectivo,56.65,6,0,5,8,339.9,0.0,339.9
244,2025-08-26,10216,Andina,App,Hogar,Transferencia,86.36,5,15,3,12,431.8,64.77,367.03
245,2025-08-18,10069,Andina,Web,Tecnología,Tarjeta,131.16,4,0,5,9,524.64,0.0,524.64
246,2025-01-31,10017,Pacífica,App,Deporte,Tarjeta,43.26,2,0,5,8,86.52,0.0,86.52
247,2025-10-04,10469,Amazonía,App,Bebidas,Tarjeta,55.94,5,0,7,9,279.7,0.0,279.7
248,2025-06-01,10479,Caribe,App,Aseo,Tarjeta,62.18,4,0,3,9,248.72,0.0,248.72
249,2025-10-15,10369,Pacífica,App,Tecnología,PSE,67.08,1,25,2,11,67.08,16.77,50.31
250,2025-01-16,10051,Andina,App,Tecnología,Tarjeta,132.62,5,30,3,10,663.1,198.93,464.17
251,2025-03-07,10146,Orinoquía,Tienda,Tecnología,Efectivo,92.65,3,15,9,7,277.95,41.69,236.26
252,2025-06-30,10020,Pacífica,Web,Tecnología,Transferencia,43.17,3,0,6,8,129.51,0.0,129.51
253,2025-03-10,10025,Orinoquía,App,Deporte,PSE,84.52,3,20,8,7,253.56,50.71,202.85
254,2025-05-01,10123,Amazonía,App,Deporte,PSE,77.71,5,15,7,10,388.55,58.28,330.27
255,2025-08-30,10286,Andina,Web,Hogar,Tarjeta,49.99,2,0,3,8,99.98,0.0,99.98
256,2025-02-22,10032,Andina,Tienda,Snacks,Tarjeta,37.92,3,10,4,9,113.76,11.38,102.38
257,2025-09-05,10492,Andina,Web,Hogar,Tarjeta,39.18,1,10,6,9,39.18,3.92,35.26
258,2025-02-07,10227,Caribe,App,Tecnología,PSE,123.16,3,0,7,9,369.48,0.0,369.48
259,2025-03-05,10131,Amazonía,Web,Bebidas,Tarjeta,43.24,1,10,10,5,43.24,4.32,38.92
260,2025-08-03,10258,Caribe,Web,Tecnología,Efectivo,105.59,4,15,5,9,422.36,63.35,359.01
261,2025-10-17,10395,Orinoquía,App,Hogar,Tarjeta,62.86,6,0,7,8,377.16,0.0,377.16
262,2025-03-04,10156,Caribe,Web,Deporte,Tarjeta,38.48,3,5,3,9,115.44,5.77,109.67
263,2025-04-20,10023,Andina,Web,Snacks,Tarjeta,24.73,6,10,1,12,148.38,14.84,133.54
264,2025-12-04,10025,Andina,Web,Deporte,Transferencia,8.3,6,15,1,9,49.8,7.47,42.33
265,2025-12-28,10425,Pacífica,Web,Aseo,Tarjeta,60.68,1,25,5,7,60.68,15.17,45.51
266,2025-08-01,10055,Pacífica,App,Hogar,Tarjeta,28.33,4,20,4,11,113.32,22.66,90.66
267,2025-06-13,10317,Caribe,App,Hogar,Tarjeta,57.92,4,10,2,9,231.68,23.17,208.51
268,2025-05-07,10192,Andina,Web,Hogar,PSE,63.16,3,10,3,7,189.48,18.95,170.53
269,2025-08-12,10388,Pacífica,App,Deporte,Transferencia,88.73,5,10,4,9,443.65,44.36,399.29
270,2025-08-04,10030,Andina,Web,Snacks,Tarjeta,19.96,3,10,1,12,59.88,5.99,53.89
271,2025-04-18,10448,Amazonía,App,Tecnología,Transferencia,96.42,1,0,7,6,96.42,0.0,96.42
272,2025-01-09,10349,Andina,Web,Deporte,Tarjeta,119.27,4,10,3,12,477.08,47.71,429.37
273,2025-02-25,10224,Andina,Web,Snacks,PSE,64.9,2,15,2,9,129.8,19.47,110.33
274,2025-12-16,10103,Caribe,Web,Snacks,Tarjeta,53.7,3,10,6,9,161.1,16.11,144.99
275,2025-06-02,10488,Caribe,App,Aseo,Tarjeta,56.18,4,20,1,9,224.72,44.94,179.78
276,2025-06-26,10151,Caribe,Web,Tecnología,PSE,59.2,5,10,1,10,296.0,29.6,266.4
277,2025-06-20,10245,Caribe,Web,Deporte,Tarjeta,92.05,2,5,5,9,184.1,9.2,174.9
278,2025-10-13,10197,Amazonía,App,Tecnología,Tarjeta,92.74,3,0,8,6,278.22,0.0,278.22
279,2025-01-24,10115,Caribe,App,Tecnología,Efectivo,121.2,1,0,5,12,121.2,0.0,121.2
280,2025-01-31,10208,Caribe,Web,Aseo,Transferencia,36.97,3,5,4,8,110.91,5.55,105.36
281,2025-04-11,10075,Caribe,App,Hogar,Tarjeta,51.2,4,5,3,9,204.8,10.24,194.56
282,2025-06-27,10000,Andina,App,Snacks,PSE,41.03,4,0,3,10,164.12,0.0,164.12
283,2025-09-02,10144,Pacífica,Web,Aseo,Efectivo,54.38,2,0,5,11,108.76,0.0,108.76
284,2025-06-29,10056,Andina,App,Snacks,Tarjeta,46.1,1,0,5,10,46.1,0.0,46.1
285,2025-06-11,10207,Pacífica,Web,Bebidas,Efectivo,33.81,4,15,5,8,135.24,20.29,114.95
286,2025-12-09,10431,Andina,App,Deporte,Tarjeta,33.08,4,15,3,10,132.32,19.85,112.47
287,2025-02-28,10081,Amazonía,Web,Tecnología,Efectivo,163.34,1,5,12,4,163.34,8.17,155.17
288,2025-07-28,10000,Caribe,App,Hogar,Tarjeta,109.76,4,0,4,10,439.04,0.0,439.04
289,2025-07-17,10055,Orinoquía,Web,Bebidas,Tarjeta,51.87,1,0,8,6,51.87,0.0,51.87
290,2025-06-22,10254,Caribe,Web,Bebidas,Tarjeta,20.7,3,0,6,7,62.1,0.0,62.1
291,2025-10-22,10137,Andina,Tienda,Bebidas,Tarjeta,30.39,4,5,4,9,121.56,6.08,115.48
292,2025-04-08,10244,Orinoquía,Web,Tecnología,Efectivo,119.16,5,0,8,8,595.8,0.0,595.8
293,2025-12-15,10014,Pacífica,App,Snacks,Transferencia,59.15,5,0,5,8,295.75,0.0,295.75
294,2025-05-02,10166,Orinoquía,Tienda,Snacks,Tarjeta,19.82,5,25,6,11,99.1,24.78,74.32
295,2025-07-18,10205,Caribe,App,Deporte,Tarjeta,67.94,2,10,3,10,135.88,13.59,122.29
296,2025-07-10,10215,Pacífica,Web,Deporte,Tarjeta,77.1,6,20,6,10,462.6,92.52,370.08
297,2025-11-07,10275,Orinoquía,App,Tecnología,Tarjeta,133.24,3,0,10,5,399.72,0.0,399.72
298,2025-06-10,10390,Pacífica,Web,Snacks,Tarjeta,33.21,3,0,7,10,99.63,0.0,99.63
299,2025-04-14,10233,Andina,Web,Hogar,Efectivo,20.6,5,25,4,9,103.0,25.75,77.25
300,2025-01-08,10420,Pacífica,App,Snacks,Efectivo,48.07,2,5,6,11,96.14,4.81,91.33
301,2025-05-13,10264,Pacífica,App,Deporte,Tarjeta,103.67,1,10,3,12,103.67,10.37,93.3
302,2025-10-29,10130,Amazonía,Web,Bebidas,Tarjeta,42.55,5,25,8,9,212.75,53.19,159.56
303,2025-01-04,10114,Caribe,Web,Tecnología,PSE,115.05,4,10,6,10,460.2,46.02,414.18
304,2025-11-24,10161,Caribe,App,Hogar,Tarjeta,44.56,4,0,7,4,178.24,0.0,178.24
305,2025-07-18,10298,Orinoquía,App,Tecnología,Tarjeta,65.51,1,10,5,9,65.51,6.55,58.96
306,2025-02-21,10121,Caribe,Web,Aseo,Tarjeta,69.82,4,0,4,10,279.28,0.0,279.28
307,2025-04-21,10457,Pacífica,App,Bebidas,Tarjeta,50.82,2,0,8,9,101.64,0.0,101.64
308,2025-07-22,10239,Caribe,Web,Tecnología,Tarjeta,118.42,4,0,5,7,473.68,0.0,473.68
309,2025-04-26,10431,Andina,Web,Hogar,Efectivo,88.05,4,20,6,9,352.2,70.44,281.76
310,2025-02-09,10341,Pacífica,App,Aseo,Tarjeta,28.61,5,10,5,6,143.05,14.31,128.74
311,2025-09-01,10166,Andina,Tienda,Aseo,PSE,38.57,6,0,3,10,231.42,0.0,231.42
312,2025-09-03,10114,Andina,Web,Aseo,Tarjeta,52.63,2,0,3,7,105.26,0.0,105.26
313,2025-02-13,10371,Pacífica,Web,Aseo,Efectivo,38.33,1,10,7,10,38.33,3.83,34.5
314,2025-04-13,10165,Pacífica,Web,Snacks,Tarjeta,50.56,4,20,7,10,202.24,40.45,161.79
315,2025-03-31,10123,Orinoquía,App,Snacks,Tarjeta,35.61,6,0,5,8,213.66,0.0,213.66
316,2025-08-29,10465,Andina,Web,Snacks,Tarjeta,23.21,1,0,3,10,23.21,0.0,23.21
317,2025-09-24,10241,Andina,Web,Bebidas,Tarjeta,45.16,3,20,5,9,135.48,27.1,108.38
318,2025-09-23,10024,Amazonía,Tienda,Deporte,Tarjeta,76.37,3,20,7,9,229.11,45.82,183.29
319,2025-12-09,10247,Andina,Web,Snacks,Efectivo,52.89,2,20,-2,10,105.78,21.16,84.62
320,2025-10-08,10230,Andina,App,Bebidas,Tarjeta,50.92,4,0,4,10,203.68,0.0,203.68
321,2025-04-28,10431,Andina,Web,Bebidas,Tarjeta,52.12,2,0,5,7,104.24,0.0,104.24
322,2025-02-09,10355,Caribe,App,Deporte,Tarjeta,80.66,3,5,3,7,241.98,12.1,229.88
323,2025-08-13,10095,Orinoquía,Web,Aseo,Efectivo,45.77,6,0,7,8,274.62,0.0,274.62
324,2025-12-01,10075,Orinoquía,Web,Snacks,Efectivo,27.47,3,20,5,9,82.41,16.48,65.93
325,2025-12-22,10301,Pacífica,Web,Aseo,PSE,55.22,1,0,4,9,55.22,0.0,55.22
326,2025-03-26,10023,Andina,App,Bebidas,PSE,38.14,6,10,3,9,228.84,22.88,205.96
327,2025-03-28,10159,Caribe,App,Snacks,PSE,64.52,2,20,4,12,129.04,25.81,103.23
328,2025-01-14,10069,Caribe,Web,Snacks,PSE,59.17,5,25,3,11,295.85,73.96,221.89
329,2025-02-21,10010,Andina,Web,Tecnología,Tarjeta,124.06,5,10,2,10,620.3,62.03,558.27
330,2025-07-22,10459,Andina,App,Bebidas,PSE,50.66,4,25,1,11,202.64,50.66,151.98
331,2025-07-19,10044,Andina,Web,Aseo,Efectivo,47.76,1,0,4,10,47.76,0.0,47.76
332,2025-05-16,10004,Andina,Web,Tecnología,Tarjeta,49.06,6,5,1,11,294.36,14.72,279.64
333,2025-04-24,10466,Pacífica,App,Deporte,PSE,65.32,5,0,3,10,326.6,0.0,326.6
334,2025-10-30,10094,Pacífica,Web,Hogar,Tarjeta,57.23,3,30,2,12,171.69,51.51,120.18
335,2025-06-17,10408,Andina,Web,Snacks,Tarjeta,42.03,6,20,4,8,252.18,50.44,201.74
336,2025-10-23,10015,Caribe,Web,Aseo,Tarjeta,58.8,5,0,2,7,294.0,0.0,294.0
337,2025-12-18,10076,Orinoquía,Web,Snacks,PSE,52.69,5,0,7,8,263.45,0.0,263.45
338,2025-04-26,10055,Pacífica,Web,Hogar,Efectivo,39.77,2,5,8,8,79.54,3.98,75.56
339,2025-03-15,10353,Orinoquía,App,Snacks,Tarjeta,27.98,4,0,9,8,111.92,0.0,111.92
340,2025-12-14,10310,Caribe,App,Hogar,Tarjeta,86.92,2,20,1,11,173.84,34.77,139.07
341,2025-08-20,10237,Orinoquía,Web,Hogar,Tarjeta,71.96,1,0,8,8,71.96,0.0,71.96
342,2025-04-17,10120,Andina,App,Deporte,Tarjeta,60.32,3,15,1,9,180.96,27.14,153.82
343,2025-08-15,10044,Caribe,Web,Aseo,Transferencia,47.38,1,10,3,10,47.38,4.74,42.64
344,2025-07-07,10284,Andina,App,Deporte,Tarjeta,68.56,1,5,3,8,68.56,3.43,65.13
345,2025-11-27,10115,Caribe,Web,Aseo,Tarjeta,50.13,5,0,7,8,250.65,0.0,250.65
346,2025-04-04,10295,Caribe,App,Tecnología,Tarjeta,117.72,4,30,5,8,470.88,141.26,329.62
347,2025-12-28,10343,Andina,Web,Hogar,Transferencia,110.77,3,10,2,10,332.31,33.23,299.08
348,2025-12-08,10424,Orinoquía,Web,Tecnología,Tarjeta,106.51,2,5,8,6,213.02,10.65,202.37
349,2025-03-07,10246,Andina,Web,Aseo,PSE,62.62,5,5,1,9,313.1,15.66,297.44
350,2025-03-02,10002,Andina,Web,Tecnología,Tarjeta,32.22,4,20,2,11,128.88,25.78,103.1
351,2025-07-14,10140,Andina,Web,Aseo,Tarjeta,39.9,4,20,2,11,159.6,31.92,127.68
352,2025-01-17,10426,Caribe,App,Aseo,PSE,73.83,2,15,4,8,147.66,22.15,125.51
353,2025-04-20,10266,Andina,App,Aseo,Tarjeta,57.47,1,10,2,9,57.47,5.75,51.72
354,2025-06-08,10309,Caribe,Web,Tecnología,PSE,10.8,1,20,4,8,10.8,2.16,8.64
355,2025-12-20,10228,Andina,App,Hogar,Tarjeta,69.83,1,0,3,7,69.83,0.0,69.83
356,2025-12-29,10081,Orinoquía,App,Bebidas,PSE,77.76,6,15,7,9,466.56,69.98,396.58
357,2025-02-25,10448,Amazonía,App,Tecnología,Efectivo,19.96,3,5,8,8,59.88,2.99,56.89
358,2025-11-22,10386,Caribe,App,Tecnología,PSE,159.17,4,10,4,10,636.68,63.67,573.01
359,2025-02-03,10497,Pacífica,App,Bebidas,Tarjeta,4.8,6,30,4,11,28.8,8.64,20.16
360,2025-10-01,10427,Orinoquía,Web,Deporte,PSE,98.33,6,30,8,9,589.98,176.99,412.99
361,2025-11-05,10145,Amazonía,App,Hogar,Transferencia,54.81,2,10,9,7,109.62,10.96,98.66
362,2025-11-22,10127,Pacífica,Tienda,Bebidas,Tarjeta,4.8,3,10,3,8,14.4,1.44,12.96
363,2025-03-23,10124,Orinoquía,Web,Aseo,Tarjeta,58.33,3,20,7,8,174.99,35.0,139.99
364,2025-11-23,10459,Amazonía,Web,Deporte,Efectivo,104.41,1,30,10,7,104.41,31.32,73.09
365,2025-02-12,10278,Orinoquía,Web,Snacks,Tarjeta,44.1,5,15,5,8,220.5,33.07,187.43
366,2025-07-09,10227,Caribe,Tienda,Deporte,PSE,88.23,4,0,7,8,352.92,0.0,352.92
367,2025-06-21,10484,Andina,Web,Aseo,Efectivo,41.35,3,0,1,10,124.05,0.0,124.05
368,2025-04-26,10301,Andina,App,Snacks,Tarjeta,9.83,4,20,2,12,39.32,7.86,31.46
369,2025-01-09,10454,Caribe,App,Aseo,PSE,63.2,5,15,3,8,316.0,47.4,268.6
370,2025-10-09,10492,Caribe,Tienda,Hogar,PSE,93.49,1,15,7,8,93.49,14.02,79.47
371,2025-05-03,10039,Caribe,Web,Tecnología,Tarjeta,143.73,4,10,4,8,574.92,57.49,517.43
372,2025-08-30,10180,Pacífica,App,Deporte,Efectivo,14.65,6,5,4,9,87.9,4.4,83.5
373,2025-05-30,10367,Pacífica,App,Snacks,Tarjeta,15.17,5,5,4,9,75.85,3.79,72.06
374,2025-05-17,10406,Orinoquía,Web,Deporte,Tarjeta,47.31,4,15,7,10,189.24,28.39,160.85
375,2025-11-20,10074,Andina,App,Hogar,Efectivo,19.95,1,0,2,9,19.95,0.0,19.95
376,2025-02-04,10159,Andina,Web,Bebidas,Tarjeta,44.78,5,10,3,9,223.9,22.39,201.51
377,2025-09-26,10274,Orinoquía,App,Deporte,Efectivo,82.75,5,15,1,10,413.75,62.06,351.69
378,2025-09-30,10399,Orinoquía,Web,Aseo,Tarjeta,21.18,3,20,7,7,63.54,12.71,50.83
379,2025-05-19,10056,Amazonía,Web,Hogar,Tarjeta,72.1,4,0,8,7,288.4,0.0,288.4
380,2025-04-06,10300,Orinoquía,Web,Tecnología,Tarjeta,122.8,4,15,9,8,491.2,73.68,417.52
381,2025-01-02,10148,Orinoquía,Web,Bebidas,PSE,34.35,1,0,9,7,34.35,0.0,34.35
382,2025-12-08,10108,Andina,Web,Snacks,Efectivo,35.84,2,0,3,10,71.68,0.0,71.68
383,2025-12-12,10257,Caribe,App,Tecnología,Efectivo,21.79,5,5,6,8,108.95,5.45,103.5
384,2025-03-29,10207,Andina,Web,Snacks,Transferencia,33.38,6,0,1,9,200.28,0.0,200.28
385,2025-01-12,10317,Pacífica,Web,Bebidas,PSE,44.13,2,25,7,7,88.26,22.06,66.2
386,2025-02-14,10158,Amazonía,App,Bebidas,Efectivo,46.97,3,20,7,10,140.91,28.18,112.73
387,2025-01-25,10411,Andina,App,Tecnología,Tarjeta,114.0,6,0,1,9,684.0,0.0,684.0
388,2025-10-31,10039,Pacífica,Web,Bebidas,Transferencia,48.3,1,20,5,10,48.3,9.66,38.64
389,2025-11-22,10430,Andina,Tienda,Bebidas,PSE,39.35,2,10,5,11,78.7,7.87,70.83
390,2025-02-25,10014,Andina,Web,Hogar,Efectivo,61.3,1,15,3,10,61.3,9.19,52.11
391,2025-09-30,10367,Andina,App,Bebidas,Tarjeta,61.64,2,20,5,8,123.28,24.66,98.62
392,2025-03-07,10173,Andina,Web,Hogar,Tarjeta,52.9,4,10,2,10,211.6,21.16,190.44
393,2025-05-15,10191,Amazonía,App,Hogar,PSE,61.99,3,0,9,8,185.97,0.0,185.97
394,2025-08-07,10009,Caribe,Tienda,Hogar,Tarjeta,50.9,6,0,3,9,305.4,0.0,305.4
395,2025-09-20,10351,Orinoquía,App,Aseo,Tarjeta,36.69,6,5,7,7,220.14,11.01,209.13
396,2025-11-16,10082,Pacífica,App,Tecnología,Transferencia,119.71,6,25,5,10,718.26,179.56,538.7
397,2025-01-17,10329,Andina,App,Hogar,Tarjeta,42.79,5,10,4,10,213.95,21.4,192.55
398,2025-03-13,10362,Andina,Web,Aseo,Tarjeta,57.15,5,5,3,9,285.75,14.29,271.46
399,2025-04-13,10422,Orinoquía,App,Bebidas,Tarjeta,44.5,4,0,5,6,178.0,0.0,178.0
400,2025-04-24,10354,Andina,App,Snacks,Tarjeta,33.82,6,20,4,10,202.92,40.58,162.34
401,2025-12-31,10150,Amazonía,Tienda,Bebidas,PSE,38.22,1,0,10,6,38.22,0.0,38.22
402,2025-10-11,10369,Andina,Web,Bebidas,Transferencia,35.06,5,15,2,10,175.3,26.3,149.0
403,2025-04-27,10412,Pacífica,Web,Snacks,Transferencia,13.15,1,10,2,10,13.15,1.32,11.83
404,2025-12-21,10158,Orinoquía,App,Snacks,PSE,44.4,3,0,7,6,133.2,0.0,133.2
405,2025-07-02,10062,Andina,Web,Bebidas,PSE,48.08,2,0,3,9,96.16,0.0,96.16
406,2025-07-02,10445,Andina,Web,Snacks,Tarjeta,51.58,4,5,3,10,206.32,10.32,196.0
407,2025-06-08,10073,Amazonía,Web,Hogar,Efectivo,43.31,5,0,9,8,216.55,0.0,216.55
408,2025-02-22,10296,Andina,App,Snacks,Tarjeta,67.69,1,15,2,10,67.69,10.15,57.54
409,2025-12-08,10118,Caribe,Web,Snacks,Tarjeta,32.65,4,15,4,7,130.6,19.59,111.01
410,2025-01-06,10063,Caribe,Web,Bebidas,Transferencia,28.6,2,0,4,10,57.2,0.0,57.2
411,2025-03-05,10388,Andina,Web,Bebidas,Efectivo,26.51,1,10,5,9,26.51,2.65,23.86
412,2025-03-25,10071,Orinoquía,App,Bebidas,Tarjeta,13.48,3,0,7,6,40.44,0.0,40.44
413,2025-04-12,10335,Orinoquía,App,Aseo,PSE,79.85,4,0,5,8,319.4,0.0,319.4
414,2025-02-18,10346,Caribe,Web,Hogar,Tarjeta,85.16,2,15,3,10,170.32,25.55,144.77
415,2025-01-07,10030,Orinoquía,Web,Tecnología,Tarjeta,122.79,3,15,7,9,368.37,55.26,313.11
416,2025-09-05,10086,Andina,App,Hogar,Tarjeta,35.29,6,15,1,10,211.74,31.76,179.98
417,2025-12-20,10397,Andina,Web,Hogar,Tarjeta,94.85,3,0,1,11,284.55,0.0,284.55
418,2025-02-14,10253,Pacífica,App,Deporte,Tarjeta,61.44,6,10,6,7,368.64,36.86,331.78
419,2025-04-19,10060,Amazonía,Web,Snacks,Tarjeta,34.36,6,5,9,6,206.16,10.31,195.85
420,2025-07-04,10495,Andina,Tienda,Tecnología,Tarjeta,155.92,3,30,2,8,467.76,140.33,327.43
421,2025-12-05,10132,Andina,Web,Deporte,Tarjeta,90.34,4,10,4,8,361.36,36.14,325.22
422,2025-09-11,10002,Caribe,App,Hogar,Transferencia,103.42,5,25,5,12,517.1,129.28,387.82
423,2025-10-07,10462,Orinoquía,Web,Deporte,PSE,78.61,3,0,8,10,235.83,0.0,235.83
424,2025-08-01,10008,Andina,Tienda,Bebidas,Efectivo,37.01,3,5,3,10,111.03,5.55,105.48
425,2025-06-02,10276,Caribe,Tienda,Deporte,Tarjeta,54.0,2,15,1,10,108.0,16.2,91.8
426,2025-03-14,10496,Pacífica,App,Hogar,PSE,14.37,1,5,4,9,14.37,0.72,13.65
427,2025-11-12,10288,Caribe,Web,Snacks,Efectivo,34.21,1,10,5,10,34.21,3.42,30.79
428,2025-10-21,10292,Andina,Web,Bebidas,Tarjeta,64.14,3,10,2,8,192.42,19.24,173.18
429,2025-01-10,10194,Andina,App,Tecnología,Tarjeta,122.71,5,30,3,10,613.55,184.06,429.49
430,2025-09-19,10063,Caribe,App,Aseo,Tarjeta,49.9,2,0,5,10,99.8,0.0,99.8
431,2025-01-31,10286,Caribe,Web,Snacks,Tarjeta,23.18,2,25,5,8,46.36,11.59,34.77
432,2025-09-27,10448,Orinoquía,Web,Aseo,Tarjeta,53.99,2,5,10,6,107.98,5.4,102.58
433,2025-10-29,10045,Pacífica,Web,Deporte,Tarjeta,100.47,4,5,7,8,401.88,20.09,381.79
434,2025-02-17,10440,Pacífica,App,Aseo,Tarjeta,58.03,2,10,5,9,116.06,11.61,104.45
435,2025-06-08,10207,Amazonía,App,Bebidas,PSE,46.93,2,0,7,7,93.86,0.0,93.86
436,2025-02-15,10268,Caribe,App,Snacks,Tarjeta,26.23,1,25,1,11,26.23,6.56,19.67
437,2025-07-27,10082,Caribe,App,Bebidas,Tarjeta,59.26,2,20,4,11,118.52,23.7,94.82
438,2025-12-05,10310,Amazonía,Web,Tecnología,PSE,10.8,2,25,6,12,21.6,5.4,16.2
439,2025-01-30,10091,Andina,Web,Tecnología,Tarjeta,114.16,5,30,3,10,570.8,171.24,399.56
440,2025-05-26,10136,Pacífica,Web,Deporte,Tarjeta,145.01,6,10,6,9,870.06,87.01,783.05
441,2025-12-22,10360,Orinoquía,App,Hogar,Tarjeta,21.82,3,5,8,10,65.46,3.27,62.19
442,2025-04-20,10025,Andina,Web,Tecnología,Tarjeta,89.44,1,20,5,9,89.44,17.89,71.55
443,2025-02-18,10223,Caribe,Web,Aseo,Tarjeta,49.34,1,0,5,7,49.34,0.0,49.34
444,2025-06-28,10297,Andina,Web,Hogar,Tarjeta,44.82,2,20,7,9,89.64,17.93,71.71
445,2025-07-05,10066,Andina,Web,Bebidas,Tarjeta,62.24,3,5,3,11,186.72,9.34,177.38
446,2025-08-30,10147,Caribe,App,Hogar,Transferencia,65.39,4,10,2,10,261.56,26.16,235.4
447,2025-04-25,10171,Andina,Web,Hogar,Transferencia,58.35,2,5,2,10,116.7,5.84,110.86
448,2025-12-15,10331,Orinoquía,Web,Bebidas,Tarjeta,58.03,3,5,7,6,174.09,8.7,165.39
449,2025-07-10,10488,Amazonía,App,Hogar,Tarjeta,55.37,2,0,8,8,110.74,0.0,110.74
450,2025-04-15,10418,Orinoquía,Web,Tecnología,Tarjeta,224.92,4,5,6,10,899.68,44.98,854.7
451,2025-12-17,10094,Andina,Web,Aseo,Efectivo,52.5,5,5,3,8,262.5,13.12,249.38
452,2025-12-04,10009,Andina,Web,Hogar,Efectivo,59.3,1,0,3,9,59.3,0.0,59.3
453,2025-07-02,10025,Andina,App,Snacks,Tarjeta,12.16,3,0,33,0,36.48,0.0,36.48
454,2025-01-10,10297,Andina,Web,Snacks,Tarjeta,30.13,4,10,4,8,120.52,12.05,108.47
455,2025-08-06,10078,Amazonía,App,Bebidas,Tarjeta,64.19,5,0,9,8,320.95,0.0,320.95
456,2025-07-22,10115,Caribe,Tienda,Snacks,Efectivo,17.93,4,20,6,10,71.72,14.34,57.38
457,2025-02-24,10423,Andina,App,Tecnología,Efectivo,13.56,4,0,2,10,54.24,0.0,54.24
458,2025-08-20,10436,Orinoquía,Web,Deporte,Tarjeta,72.42,5,10,9,7,362.1,36.21,325.89
459,2025-11-03,10419,Caribe,App,Hogar,PSE,85.16,3,0,2,7,255.48,0.0,255.48
460,2025-02-08,10126,Andina,Web,Hogar,Tarjeta,55.93,4,10,1,11,223.72,22.37,201.35
461,2025-09-22,10309,Andina,Web,Hogar,PSE,47.61,2,10,1,10,95.22,9.52,85.7
462,2025-02-21,10305,Pacífica,Web,Aseo,Transferencia,12.7,3,10,5,11,38.1,3.81,34.29
463,2025-10-01,10092,Orinoquía,Web,Aseo,Tarjeta,58.45,1,5,9,10,58.45,2.92,55.53
464,2025-06-02,10276,Andina,Web,Hogar,Tarjeta,69.55,3,10,2,12,208.65,20.86,187.79
465,2025-01-03,10262,Amazonía,Web,Tecnología,PSE,28.44,1,0,7,7,28.44,0.0,28.44
466,2025-12-19,10198,Orinoquía,Web,Aseo,Tarjeta,71.96,2,5,7,9,143.92,7.2,136.72
467,2025-03-02,10375,Orinoquía,Web,Hogar,Efectivo,71.85,3,5,8,9,215.55,10.78,204.77
468,2025-08-06,10338,Andina,App,Aseo,Tarjeta,71.92,4,10,2,11,287.68,28.77,258.91
469,2025-03-08,10266,Andina,Tienda,Snacks,Efectivo,47.49,6,5,2,9,284.94,14.25,270.69
470,2025-12-07,10362,Orinoquía,Web,Snacks,Tarjeta,48.57,1,15,5,11,48.57,7.29,41.28
471,2025-09-27,10381,Andina,App,Bebidas,Tarjeta,53.16,6,5,2,10,318.96,15.95,303.01
472,2025-10-21,10283,Pacífica,Web,Aseo,Tarjeta,66.7,2,0,7,8,133.4,0.0,133.4
473,2025-06-07,10133,Orinoquía,Web,Tecnología,Tarjeta,26.98,5,0,7,6,134.9,0.0,134.9
474,2025-06-20,10379,Andina,Web,Tecnología,Tarjeta,39.56,5,0,2,10,197.8,0.0,197.8
475,2025-08-20,10358,Orinoquía,Web,Deporte,PSE,50.45,6,10,9,7,302.7,30.27,272.43
476,2025-10-14,10491,Amazonía,Web,Bebidas,Tarjeta,41.72,1,20,7,9,41.72,8.34,33.38
477,2025-11-06,10074,Pacífica,Web,Tecnología,Tarjeta,114.37,6,15,8,9,686.22,102.93,583.29
478,2025-01-07,10209,Caribe,Web,Tecnología,Tarjeta,111.86,1,5,7,8,111.86,5.59,106.27
479,2025-08-31,10462,Orinoquía,Web,Aseo,Tarjeta,71.62,6,0,7,8,429.72,0.0,429.72
480,2025-02-09,10257,Caribe,Web,Snacks,Efectivo,56.19,4,20,2,11,224.76,44.95,179.81
481,2025-04-16,10471,Pacífica,Web,Aseo,Transferencia,32.23,3,0,9,7,96.69,0.0,96.69
482,2025-10-30,10006,Orinoquía,Web,Tecnología,Tarjeta,108.45,3,5,8,6,325.35,16.27,309.08
483,2025-04-02,10017,Pacífica,Web,Deporte,Efectivo,47.25,1,20,5,10,47.25,9.45,37.8
484,2025-10-18,10398,Andina,Web,Hogar,PSE,50.86,5,5,5,8,254.3,12.72,241.58
485,2025-06-18,10179,Andina,Web,Hogar,Transferencia,62.08,5,0,36,0,310.4,0.0,310.4
486,2025-03-26,10260,Andina,Web,Hogar,Tarjeta,6.0,6,0,5,7,36.0,0.0,36.0
487,2025-05-02,10214,Caribe,Web,Bebidas,Tarjeta,86.44,5,10,4,10,432.2,43.22,388.98
488,2025-07-13,10203,Caribe,Tienda,Hogar,Tarjeta,67.46,6,0,4,9,404.76,0.0,404.76
489,2025-10-07,10469,Pacífica,Web,Bebidas,Efectivo,33.52,6,10,3,7,201.12,20.11,181.01
490,2025-08-10,10047,Caribe,Web,Deporte,PSE,126.62,3,5,6,8,379.86,18.99,360.87
491,2025-12-07,10386,Orinoquía,Web,Deporte,Tarjeta,61.56,5,0,7,9,307.8,0.0,307.8
492,2025-11-13,10444,Amazonía,Tienda,Hogar,Tarjeta,57.92,2,0,7,7,115.84,0.0,115.84
493,2025-10-02,10328,Andina,App,Aseo,PSE,39.86,5,20,3,10,199.3,39.86,159.44
494,2025-08-09,10197,Pacífica,App,Tecnología,Efectivo,164.42,4,5,4,10,657.68,32.88,624.8
495,2025-04-16,10080,Pacífica,Tienda,Hogar,Tarjeta,52.69,3,15,3,11,158.07,23.71,134.36
496,2025-05-31,10341,Caribe,Web,Tecnología,PSE,104.92,4,5,6,10,419.68,20.98,398.7
497,2025-02-13,10234,Andina,Tienda,Hogar,Tarjeta,81.48,2,0,5,5,162.96,0.0,162.96
498,2025-05-17,10074,Orinoquía,Web,Snacks,Tarjeta,47.51,4,5,6,11,190.04,9.5,180.54
499,2025-12-05,10179,Amazonía,App,Bebidas,Tarjeta,43.04,3,10,8,9,129.12,12.91,116.21
500,2025-06-05,10480,Pacífica,Web,Snacks,Efectivo,55.6,2,5,6,11,111.2,5.56,105.64
501,2025-02-11,10132,Amazonía,Web,Hogar,Transferencia,110.85,6,15,8,7,665.1,99.76,565.34
502,2025-08-26,10089,Amazonía,Tienda,Aseo,Tarjeta,55.78,1,20,4,8,55.78,11.16,44.62
503,2025-12-18,10340,Caribe,Web,Hogar,Tarjeta,57.57,5,15,3,10,287.85,43.18,244.67
504,2025-11-13,10099,Pacífica,Tienda,Snacks,Tarjeta,41.13,2,10,3,9,82.26,8.23,74.03
505,2025-04-11,10459,Caribe,Web,Deporte,Tarjeta,108.98,2,10,1,11,217.96,21.8,196.16
506,2025-06-15,10429,Amazonía,App,Aseo,Tarjeta,37.64,1,10,10,9,37.64,3.76,33.88
507,2025-07-13,10491,Andina,Tienda,Deporte,Tarjeta,63.54,1,0,3,9,63.54,0.0,63.54
508,2025-04-01,10456,Caribe,Web,Aseo,Tarjeta,19.06,1,15,5,9,19.06,2.86,16.2
509,2025-04-09,10121,Orinoquía,Tienda,Aseo,Tarjeta,26.06,5,20,2,11,130.3,26.06,104.24
510,2025-03-28,10106,Andina,App,Hogar,Tarjeta,43.61,6,0,1,9,261.66,0.0,261.66
511,2025-12-30,10171,Orinoquía,App,Snacks,Efectivo,37.64,4,20,6,9,150.56,30.11,120.45
512,2025-09-30,10234,Caribe,Web,Snacks,Tarjeta,65.74,1,20,8,10,65.74,13.15,52.59
513,2025-11-03,10439,Amazonía,Web,Aseo,PSE,60.11,6,5,7,10,360.66,18.03,342.63
514,2025-10-26,10366,Orinoquía,App,Tecnología,Transferencia,62.88,4,20,8,10,251.52,50.3,201.22
515,2025-12-17,10322,Andina,Web,Bebidas,PSE,31.19,4,0,2,9,124.76,0.0,124.76
516,2025-02-08,10439,Orinoquía,Web,Aseo,Tarjeta,76.72,6,0,7,5,460.32,0.0,460.32
517,2025-11-18,10322,Andina,Web,Tecnología,Tarjeta,143.61,3,0,5,8,430.83,0.0,430.83
518,2025-01-25,10189,Pacífica,App,Tecnología,PSE,100.11,3,10,4,8,300.33,30.03,270.3
519,2025-06-23,10206,Pacífica,Web,Aseo,Tarjeta,40.74,5,5,4,9,203.7,10.18,193.52
520,2025-08-05,10258,Orinoquía,App,Bebidas,Tarjeta,63.8,4,25,9,8,255.2,63.8,191.4
521,2025-05-11,10044,Andina,Tienda,Bebidas,Tarjeta,26.52,5,0,3,9,132.6,0.0,132.6
522,2025-02-23,10370,Andina,Web,Aseo,Tarjeta,57.26,5,0,5,7,286.3,0.0,286.3
523,2025-03-12,10326,Pacífica,Web,Tecnología,Tarjeta,189.0,6,10,4,8,1134.0,113.4,1020.6
524,2025-10-29,10365,Pacífica,App,Bebidas,PSE,47.61,2,0,7,9,95.22,0.0,95.22
525,2025-04-27,10266,Caribe,Web,Deporte,Tarjeta,49.32,1,15,5,8,49.32,7.4,41.92
526,2025-04-24,10391,Andina,App,Tecnología,Tarjeta,115.25,3,5,3,9,345.75,17.29,328.46
527,2025-12-04,10474,Andina,App,Bebidas,Efectivo,35.73,4,25,3,11,142.92,35.73,107.19
528,2025-02-22,10284,Orinoquía,App,Aseo,Tarjeta,21.9,5,10,6,10,109.5,10.95,98.55
529,2025-12-01,10222,Andina,Web,Snacks,PSE,49.3,2,0,3,10,98.6,0.0,98.6
530,2025-12-03,10052,Caribe,App,Deporte,Tarjeta,103.47,5,0,3,9,517.35,0.0,517.35
531,2025-08-07,10389,Amazonía,App,Hogar,Tarjeta,48.16,5,0,9,8,240.8,0.0,240.8
532,2025-03-02,10451,Andina,Web,Snacks,Transferencia,32.69,5,25,3,12,163.45,40.86,122.59
533,2025-02-26,10349,Pacífica,App,Snacks,Tarjeta,23.69,5,10,2,10,118.45,11.84,106.61
534,2025-04-14,10432,Andina,App,Hogar,Tarjeta,51.7,6,5,1,8,310.2,15.51,294.69
535,2025-07-30,10430,Orinoquía,App,Bebidas,Transferencia,34.1,4,0,4,8,136.4,0.0,136.4
536,2025-02-26,10399,Pacífica,Web,Snacks,PSE,22.93,3,20,6,10,68.79,13.76,55.03
537,2025-06-16,10251,Orinoquía,Web,Bebidas,PSE,77.3,3,0,5,8,231.9,0.0,231.9
538,2025-02-12,10049,Andina,Web,Hogar,Tarjeta,65.26,5,15,4,11,326.3,48.94,277.36
539,2025-07-17,10001,Caribe,Web,Tecnología,Tarjeta,121.67,2,15,5,9,243.34,36.5,206.84
540,2025-01-08,10102,Orinoquía,Web,Aseo,PSE,66.99,4,0,7,8,267.96,0.0,267.96
541,2025-09-16,10215,Andina,Tienda,Bebidas,Tarjeta,57.57,4,10,3,11,230.28,23.03,207.25
542,2025-01-21,10371,Andina,Web,Aseo,Tarjeta,41.32,4,0,3,9,165.28,0.0,165.28
543,2025-03-13,10227,Andina,App,Deporte,Efectivo,79.3,3,5,1,10,237.9,11.9,226.0
544,2025-03-05,10011,Amazonía,Web,Snacks,Tarjeta,34.36,5,25,8,10,171.8,42.95,128.85
545,2025-10-31,10105,Pacífica,Web,Bebidas,Tarjeta,51.72,1,10,6,7,51.72,5.17,46.55
546,2025-01-20,10489,Pacífica,Web,Bebidas,Tarjeta,50.01,5,20,8,8,250.05,50.01,200.04
547,2025-06-06,10494,Pacífica,Web,Tecnología,Tarjeta,83.85,5,10,8,9,419.25,41.92,377.33
548,2025-08-04,10188,Caribe,App,Bebidas,PSE,20.6,6,0,2,9,123.6,0.0,123.6
549,2025-07-08,10402,Caribe,Tienda,Hogar,Efectivo,58.22,6,15,3,12,349.32,52.4,296.92
550,2025-09-06,10359,Caribe,App,Deporte,Tarjeta,65.66,3,10,2,8,196.98,19.7,177.28
551,2025-10-21,10465,Pacífica,Web,Hogar,Tarjeta,13.41,1,0,8,6,13.41,0.0,13.41
552,2025-05-24,10443,Andina,App,Aseo,Tarjeta,59.55,4,5,4,10,238.2,11.91,226.29
553,2025-10-30,10314,Orinoquía,Web,Snacks,Tarjeta,53.37,1,10,8,9,53.37,5.34,48.03
554,2025-04-27,10197,Orinoquía,Tienda,Bebidas,Tarjeta,88.5,2,15,6,9,177.0,26.55,150.45
555,2025-12-26,10313,Andina,Web,Bebidas,Transferencia,37.11,5,0,5,9,185.55,0.0,185.55
556,2025-07-04,10159,Pacífica,Web,Deporte,Tarjeta,56.09,4,20,7,10,224.36,44.87,179.49
557,2025-09-26,10174,Andina,Web,Bebidas,Tarjeta,24.47,4,5,5,8,97.88,4.89,92.99
558,2025-11-16,10304,Amazonía,Web,Bebidas,Transferencia,47.67,5,0,9,6,238.35,0.0,238.35
559,2025-10-17,10285,Amazonía,Web,Tecnología,Tarjeta,107.01,1,0,8,8,107.01,0.0,107.01
560,2025-11-07,10290,Amazonía,Tienda,Aseo,Transferencia,33.44,5,15,8,9,167.2,25.08,142.12
561,2025-07-15,10192,Andina,App,Aseo,Tarjeta,46.04,4,5,4,8,184.16,9.21,174.95
562,2025-01-16,10204,Andina,Tienda,Tecnología,Tarjeta,20.64,3,5,2,9,61.92,3.1,58.82
563,2025-06-29,10005,Andina,Web,Hogar,Transferencia,75.38,3,0,3,9,226.14,0.0,226.14
564,2025-03-08,10300,Andina,App,Deporte,Tarjeta,49.46,4,10,5,9,197.84,19.78,178.06
565,2025-11-21,10287,Andina,Web,Aseo,Tarjeta,48.81,4,15,6,9,195.24,29.29,165.95
566,2025-03-28,10467,Andina,Web,Tecnología,Tarjeta,42.5,3,0,2,9,127.5,0.0,127.5
567,2025-03-25,10252,Amazonía,Web,Deporte,PSE,54.84,2,25,8,10,109.68,27.42,82.26
568,2025-04-02,10233,Andina,Web,Aseo,PSE,43.96,2,0,4,8,87.92,0.0,87.92
569,2025-08-23,10033,Andina,App,Snacks,Tarjeta,38.33,3,0,4,8,114.99,0.0,114.99
570,2025-07-28,10098,Orinoquía,Web,Deporte,PSE,85.22,2,10,6,7,170.44,17.04,153.4
571,2025-12-13,10169,Pacífica,Web,Snacks,PSE,60.66,4,15,8,7,242.64,36.4,206.24
572,2025-06-01,10188,Orinoquía,App,Bebidas,Tarjeta,56.9,6,0,7,8,341.4,0.0,341.4
573,2025-04-14,10181,Pacífica,Web,Hogar,Tarjeta,76.17,1,10,6,9,76.17,7.62,68.55
574,2025-01-18,10197,Orinoquía,Tienda,Deporte,Tarjeta,112.86,2,0,9,8,225.72,0.0,225.72
575,2025-01-03,10384,Pacífica,Web,Bebidas,Tarjeta,54.03,1,10,5,10,54.03,5.4,48.63
576,2025-05-17,10065,Caribe,App,Deporte,Tarjeta,70.45,6,10,4,12,422.7,42.27,380.43
577,2025-12-04,10166,Pacífica,App,Tecnología,Tarjeta,138.96,5,25,3,9,694.8,173.7,521.1
578,2025-07-11,10081,Caribe,App,Deporte,Tarjeta,102.19,2,5,4,7,204.38,10.22,194.16
579,2025-11-23,10153,Andina,App,Aseo,Tarjeta,62.34,3,10,1,9,187.02,18.7,168.32
580,2025-02-07,10342,Caribe,App,Snacks,PSE,16.1,5,10,5,8,80.5,8.05,72.45
581,2025-02-04,10023,Andina,App,Hogar,Tarjeta,36.49,6,0,3,8,218.94,0.0,218.94
582,2025-11-01,10169,Orinoquía,Web,Bebidas,Transferencia,39.16,4,0,7,8,156.64,0.0,156.64
583,2025-02-08,10011,Andina,Web,Deporte,Transferencia,93.8,2,30,3,12,187.6,56.28,131.32
584,2025-01-19,10477,Andina,App,Hogar,PSE,54.53,5,0,4,11,272.65,0.0,272.65
585,2025-05-28,10363,Andina,Web,Aseo,Transferencia,72.01,5,15,1,11,360.05,54.01,306.04
586,2025-12-04,10121,Orinoquía,Web,Hogar,Efectivo,83.94,4,0,7,10,335.76,0.0,335.76
587,2025-09-09,10099,Andina,Web,Tecnología,Tarjeta,146.49,1,15,4,9,146.49,21.97,124.52
588,2025-02-06,10049,Pacífica,Web,Hogar,PSE,81.52,5,0,2,7,407.6,0.0,407.6
589,2025-11-02,10236,Orinoquía,Web,Deporte,Tarjeta,41.84,1,25,8,10,41.84,10.46,31.38
590,2025-11-04,10376,Andina,App,Deporte,PSE,85.3,6,10,1,8,511.8,51.18,460.62
591,2025-10-20,10292,Orinoquía,App,Deporte,Tarjeta,54.12,6,0,6,7,324.72,0.0,324.72
592,2025-11-26,10440,Andina,App,Hogar,Tarjeta,18.72,4,10,1,11,74.88,7.49,67.39
593,2025-03-29,10171,Andina,Web,Tecnología,Tarjeta,87.62,4,10,5,9,350.48,35.05,315.43
594,2025-12-24,10139,Pacífica,Web,Snacks,Transferencia,58.9,1,0,3,9,58.9,0.0,58.9
595,2025-04-28,10239,Amazonía,App,Bebidas,Tarjeta,52.11,6,0,5,7,312.66,0.0,312.66
596,2025-10-20,10101,Andina,Web,Aseo,Tarjeta,89.45,2,15,3,10,178.9,26.84,152.06
597,2025-07-31,10487,Pacífica,App,Deporte,Tarjeta,76.57,2,15,4,11,153.14,22.97,130.17
598,2025-10-12,10092,Andina,Web,Bebidas,Tarjeta,87.08,5,0,1,10,435.4,0.0,435.4
599,2025-08-18,10239,Pacífica,Tienda,Hogar,Efectivo,58.91,6,20,5,8,353.46,70.69,282.77
600,2025-08-23,10261,Pacífica,Web,Snacks,Efectivo,38.85,3,0,2,8,116.55,0.0,116.55
601,2025-08-13,10028,Pacífica,App,Aseo,Tarjeta,24.17,4,0,3,8,96.68,0.0,96.68
602,2025-10-12,10234,Pacífica,App,Bebidas,Tarjeta,63.55,4,10,4,10,254.2,25.42,228.78
603,2025-09-27,10227,Andina,Web,Tecnología,Tarjeta,79.12,2,0,4,9,158.24,0.0,158.24
604,2025-02-19,10129,Pacífica,App,Tecnología,Tarjeta,73.38,4,0,7,7,293.52,0.0,293.52
605,2025-10-29,10063,Pacífica,Web,Tecnología,Efectivo,149.74,6,10,7,6,898.44,89.84,808.6
606,2025-07-15,10022,Pacífica,App,Tecnología,PSE,144.87,3,0,5,9,434.61,0.0,434.61
607,2025-04-28,10004,Andina,App,Snacks,Tarjeta,55.93,5,0,1,9,279.65,0.0,279.65
608,2025-07-07,10240,Caribe,Web,Hogar,PSE,47.03,5,15,5,10,235.15,35.27,199.88
609,2025-12-19,10044,Caribe,Web,Bebidas,Tarjeta,43.1,6,10,7,7,258.6,25.86,232.74
610,2025-11-10,10479,Andina,App,Aseo,PSE,48.31,5,20,5,8,241.55,48.31,193.24
611,2025-11-01,10122,Andina,Web,Hogar,Tarjeta,72.22,6,10,4,9,433.32,43.33,389.99
612,2025-06-18,10326,Caribe,App,Tecnología,PSE,160.52,5,5,2,12,802.6,40.13,762.47
613,2025-10-14,10336,Pacífica,App,Bebidas,Tarjeta,50.48,6,0,4,10,302.88,0.0,302.88
614,2025-05-21,10247,Andina,App,Tecnología,Transferencia,177.21,5,15,6,9,886.05,132.91,753.14
615,2025-09-08,10441,Orinoquía,Web,Aseo,Tarjeta,67.26,6,0,5,9,403.56,0.0,403.56
616,2025-08-22,10055,Caribe,App,Deporte,Tarjeta,64.78,6,0,2,7,388.68,0.0,388.68
617,2025-04-02,10117,Orinoquía,Tienda,Hogar,Tarjeta,73.23,6,20,7,8,439.38,87.88,351.5
618,2025-04-08,10126,Caribe,Web,Hogar,Tarjeta,92.53,4,15,4,7,370.12,55.52,314.6
619,2025-01-23,10067,Caribe,Web,Tecnología,Tarjeta,178.13,5,10,3,12,890.65,89.06,801.59
620,2025-02-21,10147,Pacífica,Web,Tecnología,PSE,146.0,6,0,8,9,876.0,0.0,876.0
621,2025-06-08,10156,Amazonía,Web,Bebidas,PSE,44.45,3,0,9,8,133.35,0.0,133.35
622,2025-06-24,10382,Caribe,App,Hogar,Tarjeta,50.23,1,5,4,9,50.23,2.51,47.72
623,2025-03-02,10150,Caribe,Web,Bebidas,PSE,54.14,6,15,3,8,324.84,48.73,276.11
624,2025-06-02,10438,Pacífica,App,Aseo,PSE,82.64,4,5,8,8,330.56,16.53,314.03
625,2025-08-09,10386,Pacífica,Web,Tecnología,Tarjeta,116.18,3,0,5,11,348.54,0.0,348.54
626,2025-03-26,10450,Andina,Web,Deporte,Tarjeta,84.5,5,0,5,9,422.5,0.0,422.5
627,2025-05-04,10052,Caribe,Web,Snacks,Tarjeta,39.29,1,10,6,8,39.29,3.93,35.36
628,2025-05-15,10492,Caribe,App,Aseo,Tarjeta,43.01,3,10,3,7,129.03,12.9,116.13
629,2025-07-04,10306,Amazonía,App,Hogar,Efectivo,51.43,2,0,7,10,102.86,0.0,102.86
630,2025-05-14,10491,Caribe,Web,Aseo,Transferencia,52.18,2,0,-3,11,104.36,0.0,104.36
631,2025-09-26,10177,Caribe,App,Snacks,PSE,64.96,6,0,7,6,389.76,0.0,389.76
632,2025-04-30,10476,Amazonía,Web,Snacks,Tarjeta,34.81,4,0,5,7,139.24,0.0,139.24
633,2025-06-08,10294,Caribe,Web,Aseo,PSE,50.54,1,10,5,7,50.54,5.05,45.49
634,2025-05-19,10035,Andina,Web,Hogar,PSE,35.96,3,0,3,9,107.88,0.0,107.88
635,2025-03-08,10205,Andina,Tienda,Deporte,Tarjeta,92.0,2,10,1,10,184.0,18.4,165.6
636,2025-09-08,10068,Andina,App,Hogar,Efectivo,85.07,6,15,3,9,510.42,76.56,433.86
637,2025-03-27,10470,Andina,App,Aseo,Tarjeta,81.67,2,25,1,12,163.34,40.84,122.5
638,2025-04-19,10152,Caribe,Web,Hogar,Tarjeta,59.47,3,25,4,10,178.41,44.6,133.81
639,2025-10-17,10111,Orinoquía,Web,Tecnología,Tarjeta,121.74,3,0,6,9,365.22,0.0,365.22
640,2025-12-13,10276,Pacífica,App,Aseo,Tarjeta,46.46,2,0,4,8,92.92,0.0,92.92
641,2025-09-02,10212,Andina,Web,Aseo,Efectivo,59.95,5,0,3,12,299.75,0.0,299.75
642,2025-12-01,10048,Pacífica,Tienda,Snacks,Tarjeta,43.34,4,15,3,9,173.36,26.0,147.36
643,2025-11-08,10408,Andina,App,Deporte,Tarjeta,73.17,3,0,5,7,219.51,0.0,219.51
644,2025-06-25,10422,Amazonía,Web,Deporte,Tarjeta,75.44,3,5,9,6,226.32,11.32,215.0
645,2025-10-09,10371,Andina,App,Snacks,Tarjeta,45.46,5,0,6,8,227.3,0.0,227.3
646,2025-04-30,10308,Pacífica,Tienda,Aseo,Tarjeta,43.68,1,0,4,7,43.68,0.0,43.68
647,2025-06-18,10201,Andina,Web,Snacks,Tarjeta,34.77,6,15,2,10,208.62,31.29,177.33
648,2025-07-15,10271,Pacífica,App,Deporte,PSE,120.33,4,10,8,6,481.32,48.13,433.19
649,2025-12-17,10260,Caribe,Tienda,Bebidas,Tarjeta,91.71,2,10,3,10,183.42,18.34,165.08
650,2025-11-06,10082,Orinoquía,Web,Snacks,Efectivo,19.95,4,20,7,7,79.8,15.96,63.84
651,2025-06-28,10040,Andina,App,Snacks,Tarjeta,19.1,6,0,4,8,114.6,0.0,114.6
652,2025-08-27,10126,Amazonía,Web,Hogar,PSE,33.94,2,0,6,9,67.88,0.0,67.88
653,2025-03-15,10227,Caribe,App,Snacks,Efectivo,36.91,4,5,5,11,147.64,7.38,140.26
654,2025-10-21,10080,Orinoquía,App,Hogar,Tarjeta,74.71,4,10,7,7,298.84,29.88,268.96
655,2025-07-21,10053,Orinoquía,App,Tecnología,Tarjeta,122.41,5,10,9,8,612.05,61.2,550.85
656,2025-07-14,10425,Amazonía,Web,Tecnología,Transferencia,105.81,4,0,10,6,423.24,0.0,423.24
657,2025-10-07,10187,Andina,App,Bebidas,Tarjeta,53.31,5,25,5,9,266.55,66.64,199.91
658,2025-08-20,10292,Andina,Web,Bebidas,PSE,31.82,5,0,3,8,159.1,0.0,159.1
659,2025-01-27,10262,Andina,Web,Bebidas,Tarjeta,39.7,6,5,2,11,238.2,11.91,226.29
660,2025-04-16,10367,Andina,Web,Deporte,Tarjeta,70.93,3,10,6,8,212.79,21.28,191.51
661,2025-03-06,10369,Pacífica,App,Hogar,Tarjeta,20.15,5,25,2,12,100.75,25.19,75.56
662,2025-09-26,10148,Amazonía,Web,Hogar,Efectivo,29.45,2,10,6,9,58.9,5.89,53.01
663,2025-01-13,10423,Amazonía,Web,Tecnología,Tarjeta,54.59,6,25,9,7,327.54,81.89,245.65
664,2025-03-15,10185,Caribe,App,Hogar,Efectivo,71.81,6,0,7,7,430.86,0.0,430.86
665,2025-08-07,10417,Pacífica,Web,Snacks,PSE,42.28,2,10,6,8,84.56,8.46,76.1
666,2025-09-11,10202,Orinoquía,Web,Hogar,Tarjeta,68.44,4,20,9,9,273.76,54.75,219.01
667,2025-07-03,10055,Amazonía,Web,Tecnología,Tarjeta,26.15,5,10,5,7,130.75,13.08,117.67
668,2025-11-11,10380,Andina,Web,Bebidas,Tarjeta,17.89,1,5,2,8,17.89,0.89,17.0
669,2025-12-02,10015,Caribe,App,Hogar,Tarjeta,69.59,5,30,1,10,347.95,104.38,243.57
670,2025-02-18,10386,Orinoquía,Web,Aseo,PSE,5.4,5,0,8,8,27.0,0.0,27.0
671,2025-12-14,10021,Andina,Web,Bebidas,Tarjeta,65.55,6,5,1,11,393.3,19.67,373.63
672,2025-08-13,10103,Caribe,Tienda,Snacks,Tarjeta,10.42,2,20,2,12,20.84,4.17,16.67
673,2025-08-21,10301,Amazonía,App,Aseo,PSE,66.2,5,20,8,9,331.0,66.2,264.8
674,2025-02-04,10470,Amazonía,App,Aseo,PSE,31.91,5,30,9,9,159.55,47.86,111.69
675,2025-08-15,10204,Amazonía,App,Snacks,Tarjeta,54.65,1,20,7,10,54.65,10.93,43.72
676,2025-09-22,10060,Orinoquía,Tienda,Hogar,PSE,125.58,5,0,7,7,627.9,0.0,627.9
677,2025-07-31,10116,Andina,Web,Aseo,Tarjeta,5.4,4,25,4,8,21.6,5.4,16.2
678,2025-01-31,10448,Andina,App,Aseo,PSE,63.27,6,5,2,10,379.62,18.98,360.64
679,2025-07-10,10363,Caribe,App,Tecnología,Tarjeta,27.4,1,10,2,9,27.4,2.74,24.66
680,2025-12-08,10050,Pacífica,Web,Bebidas,Tarjeta,51.51,6,5,6,8,309.06,15.45,293.61
681,2025-09-22,10192,Caribe,Web,Aseo,Tarjeta,45.41,4,15,6,9,181.64,27.25,154.39
682,2025-02-20,10132,Pacífica,Web,Bebidas,PSE,46.28,2,10,7,9,92.56,9.26,83.3
683,2025-12-17,10088,Caribe,App,Deporte,PSE,45.43,3,20,5,11,136.29,27.26,109.03
684,2025-12-16,10423,Pacífica,App,Snacks,Tarjeta,50.52,5,0,3,10,252.6,0.0,252.6
685,2025-03-03,10308,Andina,App,Tecnología,Efectivo,41.65,6,0,4,9,249.9,0.0,249.9
686,2025-10-20,10089,Andina,Web,Snacks,Efectivo,57.62,2,5,3,9,115.24,5.76,109.48
687,2025-05-29,10325,Andina,Web,Snacks,Tarjeta,32.2,6,0,2,10,193.2,0.0,193.2
688,2025-08-05,10206,Andina,Web,Hogar,PSE,24.14,4,10,3,9,96.56,9.66,86.9
689,2025-06-12,10030,Orinoquía,Web,Tecnología,Tarjeta,162.16,2,0,6,8,324.32,0.0,324.32
690,2025-10-13,10224,Caribe,Tienda,Snacks,Transferencia,37.46,4,10,5,12,149.84,14.98,134.86
691,2025-12-30,10092,Andina,App,Snacks,Tarjeta,67.88,5,0,1,10,339.4,0.0,339.4
692,2025-10-18,10122,Orinoquía,Tienda,Deporte,Tarjeta,106.43,1,0,4,9,106.43,0.0,106.43
693,2025-12-06,10439,Pacífica,App,Snacks,Tarjeta,26.21,1,10,4,8,26.21,2.62,23.59
694,2025-12-12,10355,Andina,Tienda,Snacks,Tarjeta,37.19,1,0,5,10,37.19,0.0,37.19
695,2025-02-02,10067,Andina,Web,Tecnología,PSE,103.79,4,0,5,9,415.16,0.0,415.16
696,2025-04-03,10425,Andina,Web,Bebidas,Tarjeta,70.86,1,0,1,11,70.86,0.0,70.86
697,2025-09-21,10287,Pacífica,Web,Deporte,Tarjeta,84.01,6,0,7,8,504.06,0.0,504.06
698,2025-08-04,10437,Andina,Web,Deporte,Tarjeta,76.54,1,10,5,10,76.54,7.65,68.89
699,2025-01-19,10373,Andina,Web,Deporte,Efectivo,65.78,1,0,1,11,65.78,0.0,65.78
700,2025-02-04,10169,Andina,Web,Snacks,Efectivo,37.72,2,5,1,10,75.44,3.77,71.67
701,2025-07-09,10267,Pacífica,Tienda,Bebidas,Tarjeta,66.96,5,10,4,9,334.8,33.48,301.32
702,2025-08-13,10265,Andina,Web,Aseo,Tarjeta,49.57,6,10,5,10,297.42,29.74,267.68
703,2025-03-03,10359,Orinoquía,Tienda,Aseo,Tarjeta,41.68,2,10,8,7,83.36,8.34,75.02
704,2025-03-04,10124,Andina,App,Deporte,Efectivo,55.36,4,0,1,9,221.44,0.0,221.44
705,2025-02-17,10166,Pacífica,App,Hogar,PSE,42.82,5,25,8,9,214.1,53.52,160.58
706,2025-07-26,10122,Caribe,App,Deporte,PSE,31.4,5,5,1,8,157.0,7.85,149.15
707,2025-01-03,10148,Caribe,Web,Tecnología,Efectivo,69.29,1,0,4,10,69.29,0.0,69.29
708,2025-07-28,10080,Andina,App,Tecnología,Tarjeta,158.34,6,20,2,9,950.04,190.01,760.03
709,2025-06-23,10018,Orinoquía,Web,Bebidas,PSE,40.36,6,10,9,7,242.16,24.22,217.94
710,2025-06-20,10470,Orinoquía,Tienda,Bebidas,Tarjeta,56.4,5,10,8,8,282.0,28.2,253.8
711,2025-09-05,10037,Andina,Web,Bebidas,Tarjeta,4.8,4,20,5,10,19.2,3.84,15.36
712,2025-07-10,10443,Andina,Web,Hogar,Tarjeta,67.5,3,0,1,9,202.5,0.0,202.5
713,2025-09-23,10001,Amazonía,App,Snacks,Tarjeta,36.02,6,20,9,8,216.12,43.22,172.9
714,2025-10-06,10388,Caribe,App,Deporte,Transferencia,57.73,6,10,5,9,346.38,34.64,311.74
715,2025-12-02,10164,Andina,Web,Bebidas,Tarjeta,47.18,4,5,1,9,188.72,9.44,179.28
716,2025-10-19,10258,Andina,App,Deporte,Efectivo,57.32,5,0,1,9,286.6,0.0,286.6
717,2025-07-08,10141,Pacífica,Web,Tecnología,PSE,14.89,3,0,7,9,44.67,0.0,44.67
718,2025-06-29,10245,Pacífica,App,Bebidas,PSE,60.23,5,25,5,7,301.15,75.29,225.86
719,2025-03-28,10225,Pacífica,Web,Bebidas,Transferencia,48.28,1,0,3,9,48.28,0.0,48.28
720,2025-08-07,10264,Amazonía,Web,Aseo,Tarjeta,43.28,6,0,8,7,259.68,0.0,259.68
721,2025-02-20,10196,Caribe,Web,Aseo,Tarjeta,30.37,4,10,5,9,121.48,12.15,109.33
722,2025-12-06,10268,Andina,Web,Snacks,Tarjeta,15.86,4,15,3,8,63.44,9.52,53.92
723,2025-11-05,10412,Caribe,Web,Hogar,Tarjeta,59.93,2,0,2,9,119.86,0.0,119.86
724,2025-02-13,10217,Caribe,Web,Bebidas,Efectivo,72.4,4,15,8,8,289.6,43.44,246.16
725,2025-10-14,10180,Andina,Web,Bebidas,Tarjeta,47.58,1,10,5,10,47.58,4.76,42.82
726,2025-02-12,10065,Andina,Web,Tecnología,Tarjeta,44.24,6,20,3,10,265.44,53.09,212.35
727,2025-09-21,10179,Caribe,Web,Deporte,Tarjeta,77.94,5,0,4,7,389.7,0.0,389.7
728,2025-02-02,10062,Pacífica,Web,Snacks,Tarjeta,37.68,3,0,6,8,113.04,0.0,113.04
729,2025-06-28,10091,Andina,App,Deporte,PSE,96.21,6,10,1,11,577.26,57.73,519.53
730,2025-08-29,10476,Caribe,Tienda,Aseo,Tarjeta,61.51,5,0,4,7,307.55,0.0,307.55
731,2025-09-24,10044,Pacífica,Web,Aseo,Efectivo,5.4,1,10,3,9,5.4,0.54,4.86
732,2025-06-02,10241,Pacífica,Tienda,Bebidas,PSE,53.6,1,0,4,9,53.6,0.0,53.6
733,2025-12-03,10417,Orinoquía,Web,Aseo,Efectivo,29.63,2,15,5,9,59.26,8.89,50.37
734,2025-10-10,10476,Orinoquía,Web,Aseo,Tarjeta,21.35,1,20,5,12,21.35,4.27,17.08
735,2025-03-18,10073,Pacífica,App,Hogar,PSE,50.85,4,20,7,8,203.4,40.68,162.72
736,2025-09-02,10081,Andina,App,Bebidas,Tarjeta,51.23,4,25,3,11,204.92,51.23,153.69
737,2025-09-24,10186,Caribe,App,Snacks,Tarjeta,13.23,4,20,5,9,52.92,10.58,42.34
738,2025-05-02,10277,Pacífica,Web,Aseo,PSE,63.45,1,5,2,10,63.45,3.17,60.28
739,2025-09-27,10479,Andina,App,Bebidas,PSE,57.43,6,5,2,11,344.58,17.23,327.35
740,2025-11-24,10103,Andina,Web,Bebidas,Tarjeta,44.83,6,20,4,9,268.98,53.8,215.18
741,2025-10-26,10082,Andina,Web,Hogar,Efectivo,35.91,4,25,3,10,143.64,35.91,107.73
742,2025-10-06,10126,Caribe,Web,Deporte,Tarjeta,43.49,1,25,1,10,43.49,10.87,32.62
743,2025-08-20,10437,Caribe,Tienda,Hogar,PSE,77.57,3,15,4,8,232.71,34.91,197.8
744,2025-04-09,10015,Andina,Web,Bebidas,Transferencia,17.4,5,0,4,10,87.0,0.0,87.0
745,2025-10-18,10190,Orinoquía,App,Deporte,Tarjeta,101.94,5,25,9,8,509.7,127.42,382.28
746,2025-05-13,10059,Amazonía,App,Hogar,Efectivo,51.37,2,25,6,7,102.74,25.68,77.06
747,2025-07-14,10078,Andina,App,Tecnología,PSE,95.2,5,10,1,12,476.0,47.6,428.4
748,2025-04-25,10458,Amazonía,App,Snacks,Efectivo,12.2,6,20,6,8,73.2,14.64,58.56
749,2025-04-25,10000,Andina,App,Hogar,PSE,51.77,4,10,1,10,207.08,20.71,186.37
750,2025-02-27,10160,Amazonía,Web,Bebidas,PSE,54.8,3,25,9,10,164.4,41.1,123.3
751,2025-12-17,10457,Amazonía,Web,Hogar,Tarjeta,25.6,4,0,4,9,102.4,0.0,102.4
752,2025-02-23,10304,Andina,App,Snacks,PSE,46.18,1,20,2,10,46.18,9.24,36.94
753,2025-02-01,10035,Orinoquía,Web,Deporte,Tarjeta,74.05,4,0,9,6,296.2,0.0,296.2
754,2025-12-08,10232,Amazonía,Web,Bebidas,Transferencia,32.67,1,0,8,6,32.67,0.0,32.67
755,2025-07-22,10485,Amazonía,Web,Hogar,Tarjeta,73.8,1,0,10,7,73.8,0.0,73.8
756,2025-06-09,10200,Amazonía,Web,Bebidas,Tarjeta,5.24,4,5,6,9,20.96,1.05,19.91
757,2025-09-27,10264,Pacífica,Web,Tecnología,Efectivo,112.73,4,0,3,9,450.92,0.0,450.92
758,2025-05-20,10265,Andina,Web,Aseo,Tarjeta,81.56,6,25,5,9,489.36,122.34,367.02
759,2025-02-16,10330,Orinoquía,Tienda,Deporte,Tarjeta,112.68,4,10,6,9,450.72,45.07,405.65
760,2025-09-24,10093,Pacífica,Web,Hogar,PSE,63.58,6,20,5,7,381.48,76.3,305.18
761,2025-03-06,10419,Pacífica,Tienda,Aseo,Tarjeta,43.53,5,0,3,10,217.65,0.0,217.65
762,2025-07-21,10494,Caribe,Tienda,Bebidas,Tarjeta,32.81,3,0,4,9,98.43,0.0,98.43
763,2025-12-13,10071,Pacífica,Web,Hogar,Tarjeta,48.34,6,15,3,12,290.04,43.51,246.53
764,2025-12-08,10409,Andina,App,Aseo,Tarjeta,60.27,3,15,5,9,180.81,27.12,153.69
765,2025-05-12,10408,Pacífica,App,Bebidas,Tarjeta,29.79,4,10,9,7,119.16,11.92,107.24
766,2025-10-12,10370,Andina,App,Hogar,Tarjeta,71.66,1,15,4,9,71.66,10.75,60.91
767,2025-08-12,10185,Pacífica,Web,Snacks,Tarjeta,71.35,2,20,4,9,142.7,28.54,114.16
768,2025-06-24,10234,Orinoquía,Web,Snacks,Tarjeta,37.55,4,10,3,10,150.2,15.02,135.18
769,2025-02-21,10419,Caribe,Web,Bebidas,Tarjeta,20.34,2,25,2,11,40.68,10.17,30.51
770,2025-05-18,10076,Caribe,App,Aseo,PSE,22.87,4,15,7,7,91.48,13.72,77.76
771,2025-08-26,10414,Andina,Tienda,Snacks,PSE,50.46,1,10,1,8,50.46,5.05,45.41
772,2025-12-27,10460,Amazonía,App,Bebidas,Tarjeta,42.95,2,5,7,8,85.9,4.3,81.6
773,2025-01-02,10340,Pacífica,App,Aseo,Tarjeta,66.86,4,0,6,10,267.44,0.0,267.44
774,2025-09-19,10170,Caribe,Tienda,Snacks,Efectivo,30.28,4,0,6,8,121.12,0.0,121.12
775,2025-11-05,10279,Andina,App,Bebidas,PSE,58.62,6,15,2,11,351.72,52.76,298.96
776,2025-12-14,10025,Andina,Web,Aseo,Tarjeta,46.37,6,15,2,11,278.22,41.73,236.49
777,2025-06-04,10465,Caribe,App,Bebidas,Tarjeta,31.11,5,0,4,9,155.55,0.0,155.55
778,2025-02-13,10171,Amazonía,Web,Deporte,Tarjeta,60.03,1,10,7,7,60.03,6.0,54.03
779,2025-04-09,10028,Pacífica,Web,Aseo,Efectivo,25.8,4,0,4,9,103.2,0.0,103.2
780,2025-11-07,10397,Andina,Web,Deporte,Transferencia,128.4,2,0,4,10,256.8,0.0,256.8
781,2025-11-17,10328,Orinoquía,Tienda,Deporte,Transferencia,68.74,2,25,6,10,137.48,34.37,103.11
782,2025-08-21,10311,Caribe,Web,Deporte,Tarjeta,89.93,2,5,8,9,179.86,8.99,170.87
783,2025-02-14,10027,Orinoquía,Web,Hogar,Tarjeta,43.19,3,0,8,7,129.57,0.0,129.57
784,2025-02-14,10375,Andina,Web,Aseo,Tarjeta,28.67,1,5,5,8,28.67,1.43,27.24
785,2025-06-24,10318,Pacífica,Web,Tecnología,Tarjeta,89.74,4,5,4,9,358.96,17.95,341.01
786,2025-08-03,10396,Amazonía,Web,Bebidas,Tarjeta,63.38,1,15,9,8,63.38,9.51,53.87
787,2025-01-12,10413,Andina,App,Deporte,PSE,56.61,4,25,2,12,226.44,56.61,169.83
788,2025-09-08,10105,Pacífica,App,Snacks,Tarjeta,25.09,4,10,5,6,100.36,10.04,90.32
789,2025-07-18,10105,Amazonía,Web,Bebidas,Transferencia,46.74,2,10,9,8,93.48,9.35,84.13
790,2025-01-05,10461,Andina,Web,Snacks,Tarjeta,46.18,1,5,3,9,46.18,2.31,43.87
791,2025-02-04,10265,Andina,Web,Snacks,Tarjeta,63.8,5,10,7,7,319.0,31.9,287.1
792,2025-06-15,10218,Pacífica,Web,Bebidas,Efectivo,50.23,5,0,8,8,251.15,0.0,251.15
793,2025-09-21,10143,Andina,App,Tecnología,PSE,124.5,2,0,5,8,249.0,0.0,249.0
794,2025-10-29,10319,Andina,App,Bebidas,Tarjeta,56.66,6,20,4,9,339.96,67.99,271.97
795,2025-06-07,10376,Caribe,App,Deporte,PSE,38.52,2,5,7,10,77.04,3.85,73.19
796,2025-04-18,10001,Orinoquía,Web,Aseo,Tarjeta,30.43,6,5,5,10,182.58,9.13,173.45
797,2025-12-20,10276,Andina,App,Tecnología,Tarjeta,56.08,1,0,5,9,56.08,0.0,56.08
798,2025-06-17,10496,Andina,Web,Aseo,Tarjeta,23.12,4,20,1,11,92.48,18.5,73.98
799,2025-04-26,10140,Orinoquía,Web,Bebidas,Tarjeta,58.0,1,0,6,8,58.0,0.0,58.0
800,2025-06-11,10140,Caribe,Tienda,Snacks,PSE,42.97,2,5,5,11,85.94,4.3,81.64
801,2025-01-05,10439,Orinoquía,App,Hogar,Tarjeta,56.75,3,20,8,10,170.25,34.05,136.2
802,2025-04-21,10031,Caribe,Tienda,Tecnología,PSE,10.8,1,5,2,9,10.8,0.54,10.26
803,2025-07-08,10198,Amazonía,Tienda,Snacks,Efectivo,70.15,3,25,6,8,210.45,52.61,157.84
804,2025-12-02,10229,Pacífica,App,Aseo,Tarjeta,31.79,2,0,5,9,63.58,0.0,63.58
805,2025-09-27,10398,Andina,Tienda,Deporte,Tarjeta,130.18,1,15,2,10,130.18,19.53,110.65
806,2025-10-13,10064,Orinoquía,Web,Deporte,Tarjeta,30.05,6,25,9,7,180.3,45.08,135.22
807,2025-07-18,10217,Caribe,Web,Aseo,Efectivo,33.41,6,10,10,8,200.46,20.05,180.41
808,2025-02-10,10076,Andina,Web,Snacks,PSE,4.58,6,10,4,9,27.48,2.75,24.73
809,2025-05-23,10393,Andina,Web,Snacks,PSE,44.08,1,5,2,10,44.08,2.2,41.88
810,2025-12-30,10316,Pacífica,Web,Hogar,Tarjeta,30.77,3,15,3,10,92.31,13.85,78.46
811,2025-01-17,10248,Andina,Web,Hogar,Tarjeta,31.39,2,20,3,9,62.78,12.56,50.22
812,2025-11-17,10196,Andina,App,Snacks,Tarjeta,17.36,2,15,1,11,34.72,5.21,29.51
813,2025-09-07,10076,Andina,App,Bebidas,Tarjeta,57.68,3,25,4,9,173.04,43.26,129.78
814,2025-04-14,10460,Caribe,App,Aseo,PSE,63.59,4,10,5,8,254.36,25.44,228.92
815,2025-10-11,10323,Caribe,Web,Tecnología,Tarjeta,170.76,3,10,4,9,512.28,51.23,461.05
816,2025-11-02,10159,Caribe,App,Bebidas,Tarjeta,31.93,2,0,7,9,63.86,0.0,63.86
817,2025-01-16,10206,Andina,Web,Aseo,Tarjeta,53.83,6,15,2,10,322.98,48.45,274.53
818,2025-02-08,10363,Andina,Web,Bebidas,Tarjeta,21.31,6,20,3,12,127.86,25.57,102.29
819,2025-08-31,10359,Pacífica,Web,Snacks,PSE,33.34,2,10,6,11,66.68,6.67,60.01
820,2025-12-31,10230,Caribe,Web,Hogar,Tarjeta,43.59,2,0,6,7,87.18,0.0,87.18
821,2025-01-09,10151,Pacífica,Web,Snacks,Transferencia,45.65,4,10,7,5,182.6,18.26,164.34
822,2025-08-31,10329,Andina,App,Snacks,Efectivo,54.16,3,15,3,11,162.48,24.37,138.11
823,2025-02-19,10329,Andina,App,Deporte,Efectivo,99.84,6,25,4,10,599.04,149.76,449.28
824,2025-08-26,10299,Andina,App,Snacks,PSE,25.52,3,0,2,8,76.56,0.0,76.56
825,2025-08-16,10036,Caribe,Web,Snacks,PSE,53.88,1,0,6,7,53.88,0.0,53.88
826,2025-02-03,10236,Caribe,App,Deporte,PSE,70.24,1,5,6,8,70.24,3.51,66.73
827,2025-09-06,10306,Orinoquía,App,Hogar,Tarjeta,47.86,1,0,9,9,47.86,0.0,47.86
828,2025-11-24,10475,Caribe,Web,Bebidas,Tarjeta,31.53,3,30,2,11,94.59,28.38,66.21
829,2025-11-12,10262,Caribe,App,Aseo,PSE,38.41,2,5,3,11,76.82,3.84,72.98
830,2025-01-11,10171,Pacífica,Web,Hogar,Tarjeta,93.33,6,10,7,9,559.98,56.0,503.98
831,2025-03-31,10277,Andina,Web,Snacks,Tarjeta,43.23,6,0,1,9,259.38,0.0,259.38
832,2025-03-29,10088,Caribe,Web,Hogar,Efectivo,58.84,1,5,5,8,58.84,2.94,55.9
833,2025-06-15,10045,Andina,Web,Hogar,Tarjeta,49.23,6,30,5,11,295.38,88.61,206.77
834,2025-02-22,10339,Caribe,Web,Snacks,Tarjeta,76.17,4,5,4,10,304.68,15.23,289.45
835,2025-11-08,10493,Andina,Web,Tecnología,PSE,150.68,2,0,2,11,301.36,0.0,301.36
836,2025-10-11,10423,Orinoquía,Web,Aseo,Tarjeta,35.22,3,0,5,8,105.66,0.0,105.66
837,2025-10-23,10291,Amazonía,Tienda,Deporte,Efectivo,63.67,3,25,6,10,191.01,47.75,143.26
838,2025-03-14,10020,Andina,Web,Bebidas,Tarjeta,40.23,2,30,2,12,80.46,24.14,56.32
839,2025-01-06,10493,Pacífica,Web,Snacks,Efectivo,40.75,6,0,4,8,244.5,0.0,244.5
840,2025-11-29,10224,Orinoquía,Web,Tecnología,Efectivo,71.23,1,10,6,7,71.23,7.12,64.11
841,2025-04-16,10144,Andina,App,Deporte,Tarjeta,84.05,1,0,2,8,84.05,0.0,84.05
842,2025-08-28,10446,Orinoquía,App,Snacks,Tarjeta,60.86,2,10,6,8,121.72,12.17,109.55
843,2025-11-28,10373,Pacífica,Tienda,Deporte,Tarjeta,33.93,1,0,7,9,33.93,0.0,33.93
844,2025-01-14,10374,Amazonía,Web,Snacks,Tarjeta,21.13,1,15,8,10,21.13,3.17,17.96
845,2025-01-02,10138,Amazonía,Web,Aseo,Tarjeta,39.93,3,25,9,7,119.79,29.95,89.84
846,2025-01-02,10495,Andina,App,Snacks,Transferencia,31.77,3,0,2,9,95.31,0.0,95.31
847,2025-02-27,10226,Caribe,Web,Aseo,Tarjeta,89.07,1,5,4,9,89.07,4.45,84.62
848,2025-01-19,10265,Caribe,App,Deporte,Efectivo,100.15,5,0,1,11,500.75,0.0,500.75
849,2025-10-27,10375,Andina,App,Tecnología,Tarjeta,136.4,6,0,1,9,818.4,0.0,818.4
850,2025-08-10,10329,Andina,Web,Tecnología,Transferencia,88.53,5,0,1,9,442.65,0.0,442.65
851,2025-12-24,10086,Amazonía,Tienda,Snacks,Tarjeta,34.09,4,0,7,6,136.36,0.0,136.36
852,2025-10-20,10151,Andina,App,Deporte,Tarjeta,29.98,6,30,5,11,179.88,53.96,125.92
853,2025-12-18,10180,Caribe,Web,Aseo,PSE,64.98,3,0,2,9,194.94,0.0,194.94
854,2025-03-29,10473,Orinoquía,Web,Hogar,Tarjeta,65.8,3,20,6,8,197.4,39.48,157.92
855,2025-04-16,10357,Andina,Web,Tecnología,Efectivo,149.93,1,0,1,9,149.93,0.0,149.93
856,2025-11-07,10183,Caribe,App,Hogar,Tarjeta,50.36,5,10,4,11,251.8,25.18,226.62
857,2025-03-31,10367,Amazonía,Web,Hogar,Tarjeta,51.88,1,5,10,6,51.88,2.59,49.29
858,2025-01-21,10369,Caribe,Web,Aseo,Tarjeta,52.87,4,25,4,9,211.48,52.87,158.61
859,2025-09-02,10197,Andina,App,Hogar,PSE,74.62,5,0,3,11,373.1,0.0,373.1
860,2025-10-20,10201,Andina,Web,Deporte,Tarjeta,29.45,2,0,5,9,58.9,0.0,58.9
861,2025-12-20,10447,Amazonía,Web,Aseo,Tarjeta,64.07,4,15,9,9,256.28,38.44,217.84
862,2025-12-05,10280,Andina,App,Hogar,Tarjeta,54.55,2,15,2,11,109.1,16.36,92.74
863,2025-02-13,10074,Caribe,Web,Snacks,Tarjeta,22.2,3,10,5,9,66.6,6.66,59.94
864,2025-10-09,10359,Andina,Web,Aseo,Tarjeta,8.22,4,0,2,9,32.88,0.0,32.88
865,2025-11-05,10294,Caribe,Web,Tecnología,Transferencia,93.6,2,0,5,9,187.2,0.0,187.2
866,2025-09-12,10254,Amazonía,Web,Hogar,Tarjeta,86.85,5,20,9,10,434.25,86.85,347.4
867,2025-10-27,10362,Caribe,Web,Snacks,PSE,64.29,3,10,2,11,192.87,19.29,173.58
868,2025-11-02,10453,Amazonía,App,Hogar,Tarjeta,62.82,3,10,8,7,188.46,18.85,169.61
869,2025-06-12,10165,Andina,Tienda,Tecnología,Tarjeta,176.7,5,0,2,11,883.5,0.0,883.5
870,2025-01-15,10209,Caribe,Web,Bebidas,Tarjeta,43.24,2,0,5,8,86.48,0.0,86.48
871,2025-06-16,10094,Orinoquía,Tienda,Bebidas,Tarjeta,60.78,3,25,7,8,182.34,45.58,136.76
872,2025-03-15,10323,Caribe,App,Aseo,Tarjeta,40.57,6,15,5,9,243.42,36.51,206.91
873,2025-02-11,10201,Andina,App,Hogar,Tarjeta,43.68,3,0,2,10,131.04,0.0,131.04
874,2025-02-15,10171,Orinoquía,App,Snacks,Tarjeta,28.07,1,25,8,9,28.07,7.02,21.05
875,2025-09-12,10348,Caribe,App,Tecnología,Transferencia,17.4,2,10,3,9,34.8,3.48,31.32
876,2025-07-04,10204,Caribe,App,Deporte,Tarjeta,108.31,6,0,2,10,649.86,0.0,649.86
877,2025-07-17,10232,Amazonía,Web,Hogar,Tarjeta,40.88,5,5,3,10,204.4,10.22,194.18
878,2025-09-29,10220,Andina,Web,Aseo,Tarjeta,33.63,5,15,3,9,168.15,25.22,142.93
879,2025-07-20,10129,Andina,Web,Bebidas,Tarjeta,23.23,2,5,2,9,46.46,2.32,44.14
880,2025-08-18,10062,Andina,Web,Tecnología,PSE,90.91,6,10,4,10,545.46,54.55,490.91
881,2025-02-01,10413,Caribe,App,Deporte,Tarjeta,121.94,3,15,1,10,365.82,54.87,310.95
882,2025-11-07,10045,Andina,Web,Aseo,PSE,90.96,5,0,2,8,454.8,0.0,454.8
883,2025-06-13,10162,Pacífica,Web,Hogar,Tarjeta,18.46,6,25,6,10,110.76,27.69,83.07
884,2025-02-26,10333,Andina,Web,Tecnología,Tarjeta,84.96,2,5,1,9,169.92,8.5,161.42
885,2025-10-24,10065,Pacífica,Web,Tecnología,Transferencia,58.04,6,5,-5,12,348.24,17.41,330.83
886,2025-09-26,10327,Andina,App,Bebidas,Tarjeta,61.39,4,10,2,8,245.56,24.56,221.0
887,2025-01-20,10366,Caribe,App,Tecnología,Efectivo,110.35,5,10,4,9,551.75,55.18,496.57
888,2025-03-12,10331,Andina,Web,Deporte,Tarjeta,53.29,5,5,4,8,266.45,13.32,253.13
889,2025-01-06,10152,Pacífica,Web,Tecnología,Transferencia,101.87,2,10,7,7,203.74,20.37,183.37
890,2025-04-09,10009,Caribe,Web,Aseo,Tarjeta,40.05,5,20,5,9,200.25,40.05,160.2
891,2025-02-06,10443,Caribe,Web,Hogar,Tarjeta,90.51,2,15,3,12,181.02,27.15,153.87
892,2025-09-17,10163,Orinoquía,App,Snacks,Efectivo,46.92,2,20,6,9,93.84,18.77,75.07
893,2025-07-10,10402,Pacífica,App,Hogar,Tarjeta,69.74,1,0,6,7,69.74,0.0,69.74
894,2025-12-24,10098,Andina,Web,Snacks,Tarjeta,4.2,2,5,1,8,8.4,0.42,7.98
895,2025-10-01,10081,Amazonía,Web,Aseo,Transferencia,48.18,6,10,8,6,289.08,28.91,260.17
896,2025-08-12,10389,Andina,Tienda,Snacks,PSE,70.58,2,0,2,9,141.16,0.0,141.16
897,2025-07-05,10469,Andina,App,Aseo,PSE,75.76,3,15,3,9,227.28,34.09,193.19
898,2025-01-20,10430,Caribe,Web,Aseo,PSE,12.93,3,0,3,9,38.79,0.0,38.79
899,2025-01-26,10375,Andina,Web,Bebidas,Efectivo,38.48,5,0,1,7,192.4,0.0,192.4
900,2025-08-13,10123,Andina,Web,Tecnología,Efectivo,51.42,4,0,4,9,205.68,0.0,205.68
901,2025-01-02,10456,Pacífica,Tienda,Aseo,PSE,83.38,4,0,6,9,333.52,0.0,333.52
902,2025-01-16,10333,Andina,Web,Deporte,Tarjeta,78.49,6,0,1,12,470.94,0.0,470.94
903,2025-03-21,10086,Orinoquía,Web,Snacks,Tarjeta,26.68,3,10,8,6,80.04,8.0,72.04
904,2025-11-19,10064,Amazonía,Tienda,Tecnología,PSE,100.35,5,10,8,7,501.75,50.18,451.57
905,2025-06-17,10435,Pacífica,App,Snacks,Efectivo,4.2,6,0,6,7,25.2,0.0,25.2
906,2025-09-16,10137,Pacífica,Web,Hogar,Tarjeta,31.13,5,0,5,9,155.65,0.0,155.65
907,2025-05-31,10382,Pacífica,Web,Aseo,Tarjeta,50.22,1,20,4,8,50.22,10.04,40.18
908,2025-03-05,10069,Amazonía,Web,Aseo,Tarjeta,66.24,2,0,8,10,132.48,0.0,132.48
909,2025-05-16,10140,Andina,App,Hogar,Tarjeta,12.29,4,10,3,10,49.16,4.92,44.24
910,2025-02-03,10141,Andina,Web,Tecnología,Efectivo,83.91,3,10,3,9,251.73,25.17,226.56
911,2025-10-09,10140,Caribe,Tienda,Snacks,Tarjeta,54.05,2,10,3,12,108.1,10.81,97.29
912,2025-03-08,10337,Caribe,Tienda,Deporte,PSE,29.99,3,20,2,10,89.97,17.99,71.98
913,2025-05-18,10457,Andina,Web,Snacks,Efectivo,42.03,1,10,4,10,42.03,4.2,37.83
914,2025-12-24,10455,Pacífica,App,Snacks,Transferencia,39.52,2,25,6,9,79.04,19.76,59.28
915,2025-08-05,10370,Andina,Web,Snacks,Tarjeta,64.9,5,20,3,8,324.5,64.9,259.6
916,2025-06-17,10101,Amazonía,Web,Deporte,Transferencia,64.92,1,0,8,7,64.92,0.0,64.92
917,2025-07-18,10480,Andina,App,Bebidas,PSE,40.98,6,0,5,11,245.88,0.0,245.88
918,2025-10-14,10271,Andina,Web,Aseo,Efectivo,66.43,3,0,2,10,199.29,0.0,199.29
919,2025-04-03,10272,Andina,Web,Aseo,Tarjeta,23.24,5,5,5,9,116.2,5.81,110.39
920,2025-08-21,10350,Andina,Web,Tecnología,Tarjeta,90.25,2,10,2,9,180.5,18.05,162.45
921,2025-11-15,10384,Andina,Web,Aseo,PSE,40.48,5,0,5,10,202.4,0.0,202.4
922,2025-07-28,10476,Andina,Web,Deporte,Tarjeta,67.53,4,0,5,7,270.12,0.0,270.12
923,2025-06-12,10291,Andina,App,Tecnología,Tarjeta,132.6,6,5,2,8,795.6,39.78,755.82
924,2025-02-22,10305,Andina,App,Tecnología,PSE,120.94,1,10,5,8,120.94,12.09,108.85
925,2025-04-01,10372,Caribe,App,Tecnología,PSE,69.35,5,10,5,11,346.75,34.68,312.07
926,2025-12-12,10127,Caribe,App,Bebidas,Tarjeta,46.41,2,25,3,12,92.82,23.2,69.62
927,2025-07-17,10153,Andina,Web,Aseo,Tarjeta,79.01,3,0,2,9,237.03,0.0,237.03
928,2025-04-20,10312,Andina,App,Hogar,Tarjeta,36.71,1,5,5,8,36.71,1.84,34.87
929,2025-06-02,10032,Andina,Web,Snacks,Transferencia,40.74,6,25,5,8,244.44,61.11,183.33
930,2025-07-30,10160,Andina,Web,Bebidas,Transferencia,40.6,4,10,1,10,162.4,16.24,146.16
931,2025-07-16,10358,Andina,Tienda,Bebidas,Tarjeta,42.89,6,10,2,10,257.34,25.73,231.61
932,2025-09-13,10488,Orinoquía,Web,Tecnología,Tarjeta,34.43,4,10,7,9,137.72,13.77,123.95
933,2025-04-04,10259,Amazonía,Web,Hogar,Tarjeta,86.04,1,0,7,9,86.04,0.0,86.04
934,2025-08-25,10199,Amazonía,Web,Snacks,Tarjeta,26.57,3,20,12,7,79.71,15.94,63.77
935,2025-06-11,10220,Caribe,Web,Tecnología,Efectivo,139.63,3,10,5,10,418.89,41.89,377.0
936,2025-12-10,10342,Caribe,Web,Tecnología,Tarjeta,74.39,1,10,5,8,74.39,7.44,66.95
937,2025-02-27,10272,Andina,Web,Tecnología,Tarjeta,74.23,6,10,5,10,445.38,44.54,400.84
938,2025-02-24,10011,Orinoquía,App,Deporte,Tarjeta,106.2,6,5,6,8,637.2,31.86,605.34
939,2025-06-18,10269,Orinoquía,Web,Deporte,Tarjeta,99.93,4,0,9,8,399.72,0.0,399.72
940,2025-07-05,10200,Orinoquía,Web,Snacks,Efectivo,41.71,4,15,4,10,166.84,25.03,141.81
941,2025-09-10,10350,Orinoquía,Web,Tecnología,PSE,129.14,5,10,6,9,645.7,64.57,581.13
942,2025-05-28,10437,Caribe,App,Aseo,PSE,43.79,5,0,6,9,218.95,0.0,218.95
943,2025-11-30,10481,Orinoquía,Web,Aseo,Tarjeta,49.33,1,5,10,5,49.33,2.47,46.86
944,2025-06-23,10305,Orinoquía,Web,Hogar,Transferencia,40.44,4,25,6,8,161.76,40.44,121.32
945,2025-02-17,10181,Andina,Web,Hogar,Tarjeta,74.89,5,5,2,9,374.45,18.72,355.73
946,2025-02-13,10221,Amazonía,App,Aseo,Efectivo,35.77,5,5,8,6,178.85,8.94,169.91
947,2025-12-22,10088,Andina,App,Deporte,Efectivo,113.98,4,10,2,9,455.92,45.59,410.33
948,2025-02-18,10467,Amazonía,App,Snacks,Tarjeta,33.64,6,15,7,8,201.84,30.28,171.56
949,2025-12-12,10423,Orinoquía,App,Bebidas,Efectivo,44.36,4,10,8,10,177.44,17.74,159.7
950,2025-04-12,10426,Andina,Web,Bebidas,Tarjeta,57.35,3,20,2,11,172.05,34.41,137.64
951,2025-02-04,10164,Pacífica,Web,Tecnología,PSE,99.95,3,0,2,11,299.85,0.0,299.85
952,2025-04-22,10161,Andina,Web,Aseo,Tarjeta,43.6,5,25,1,11,218.0,54.5,163.5
953,2025-08-13,10428,Orinoquía,Web,Aseo,Tarjeta,48.91,6,20,7,8,293.46,58.69,234.77
954,2025-06-06,10272,Orinoquía,Web,Hogar,Tarjeta,74.66,2,10,4,9,149.32,14.93,134.39
955,2025-10-14,10352,Pacífica,Web,Aseo,Tarjeta,36.38,2,10,5,10,72.76,7.28,65.48
956,2025-08-12,10244,Orinoquía,Web,Hogar,Tarjeta,52.22,4,0,5,10,208.88,0.0,208.88
957,2025-05-27,10221,Andina,App,Bebidas,Tarjeta,44.18,5,5,5,9,220.9,11.05,209.85
958,2025-08-20,10316,Andina,Web,Bebidas,PSE,59.22,3,0,7,6,177.66,0.0,177.66
959,2025-12-21,10406,Caribe,App,Deporte,Tarjeta,68.64,4,0,3,7,274.56,0.0,274.56
960,2025-05-31,10167,Andina,App,Aseo,Tarjeta,85.3,1,30,3,10,85.3,25.59,59.71
961,2025-02-26,10404,Caribe,Web,Snacks,Transferencia,36.09,2,0,3,6,72.18,0.0,72.18
962,2025-05-30,10122,Andina,Web,Aseo,Transferencia,44.79,6,10,3,12,268.74,26.87,241.87
963,2025-11-03,10201,Caribe,App,Aseo,Tarjeta,46.11,4,0,7,9,184.44,0.0,184.44
964,2025-03-21,10456,Caribe,App,Snacks,Tarjeta,18.22,6,5,3,9,109.32,5.47,103.85
965,2025-12-13,10477,Orinoquía,Web,Snacks,PSE,22.53,2,5,7,7,45.06,2.25,42.81
966,2025-08-03,10461,Andina,Web,Tecnología,PSE,77.99,2,0,2,11,155.98,0.0,155.98
967,2025-08-08,10158,Orinoquía,App,Bebidas,Tarjeta,63.99,6,10,8,7,383.94,38.39,345.55
968,2025-04-26,10421,Caribe,App,Snacks,PSE,37.99,6,25,1,10,227.94,56.98,170.96
969,2025-12-02,10468,Andina,Web,Aseo,Tarjeta,39.9,6,5,2,9,239.4,11.97,227.43
970,2025-01-14,10489,Caribe,Web,Hogar,Tarjeta,81.98,2,25,5,10,163.96,40.99,122.97
971,2025-04-20,10010,Caribe,App,Deporte,PSE,115.86,5,10,3,10,579.3,57.93,521.37
972,2025-06-02,10372,Andina,Web,Deporte,PSE,107.4,3,10,4,11,322.2,32.22,289.98
973,2025-06-24,10498,Caribe,App,Snacks,Efectivo,25.36,6,0,6,9,152.16,0.0,152.16
974,2025-06-23,10382,Andina,Web,Hogar,Tarjeta,44.1,6,0,1,10,264.6,0.0,264.6
975,2025-02-23,10116,Caribe,Web,Bebidas,Tarjeta,75.92,3,20,8,10,227.76,45.55,182.21
976,2025-03-24,10381,Pacífica,Web,Hogar,Tarjeta,60.31,2,10,3,9,120.62,12.06,108.56
977,2025-02-04,10052,Caribe,Web,Bebidas,Tarjeta,39.29,6,5,7,6,235.74,11.79,223.95
978,2025-07-28,10240,Orinoquía,Tienda,Bebidas,Tarjeta,56.64,3,15,6,8,169.92,25.49,144.43
979,2025-05-09,10313,Andina,Web,Tecnología,Tarjeta,138.89,3,0,2,8,416.67,0.0,416.67
980,2025-07-26,10228,Amazonía,Tienda,Snacks,Tarjeta,29.7,4,15,6,8,118.8,17.82,100.98
981,2025-08-04,10349,Orinoquía,Web,Aseo,PSE,53.84,6,0,7,7,323.04,0.0,323.04
982,2025-09-14,10120,Amazonía,App,Bebidas,Tarjeta,60.31,1,25,8,8,60.31,15.08,45.23
983,2025-07-19,10303,Orinoquía,Tienda,Tecnología,Tarjeta,53.05,6,0,4,10,318.3,0.0,318.3
984,2025-08-25,10322,Andina,App,Tecnología,PSE,99.49,3,0,2,11,298.47,0.0,298.47
985,2025-08-03,10316,Caribe,Web,Hogar,Tarjeta,30.48,1,10,3,8,30.48,3.05,27.43
986,2025-08-27,10144,Andina,App,Deporte,Efectivo,43.37,2,0,1,8,86.74,0.0,86.74
987,2025-08-14,10152,Orinoquía,Web,Aseo,Tarjeta,38.35,3,25,6,8,115.05,28.76,86.29
988,2025-04-26,10128,Pacífica,Tienda,Snacks,Tarjeta,45.85,5,10,2,11,229.25,22.92,206.33
989,2025-03-31,10230,Andina,Web,Bebidas,Efectivo,38.33,4,0,2,9,153.32,0.0,153.32
990,2025-10-15,10292,Amazonía,Web,Snacks,PSE,28.51,1,0,9,6,28.51,0.0,28.51
991,2025-05-06,10181,Andina,Web,Snacks,PSE,39.29,3,25,3,11,117.87,29.47,88.4
992,2025-07-20,10204,Pacífica,App,Snacks,PSE,20.84,2,10,8,9,41.68,4.17,37.51
993,2025-03-13,10143,Pacífica,Tienda,Snacks,Tarjeta,45.1,2,20,1,11,90.2,18.04,72.16
994,2025-06-07,10109,Andina,Web,Hogar,PSE,79.89,5,0,-3,10,399.45,0.0,399.45
995,2025-07-13,10328,Pacífica,App,Bebidas,Efectivo,42.61,5,25,5,10,213.05,53.26,159.79
996,2025-08-17,10408,Orinoquía,Tienda,Hogar,Transferencia,50.54,1,10,7,8,50.54,5.05,45.49
997,2025-07-12,10145,Andina,Web,Aseo,Tarjeta,56.89,4,10,4,9,227.56,22.76,204.8
998,2025-05-12,10430,Caribe,Web,Tecnología,Tarjeta,18.67,3,5,4,8,56.01,2.8,53.21
999,2025-12-18,10285,Andina,App,Hogar,Efectivo,66.81,3,0,3,10,200.43,0.0,200.43
1000,2025-07-07,10083,Pacífica,App,Deporte,Tarjeta,160.21,5,25,4,10,801.05,200.26,600.79
1001,2025-10-23,10182,Andina,Web,Aseo,Tarjeta,47.07,2,30,4,12,94.14,28.24,65.9
1002,2025-09-26,10003,Amazonía,App,Snacks,Tarjeta,36.67,5,5,4,11,183.35,9.17,174.18
1003,2025-07-23,10019,Orinoquía,Web,Hogar,Tarjeta,71.36,3,25,8,9,214.08,53.52,160.56
1004,2025-11-20,10168,Andina,Tienda,Hogar,Tarjeta,91.2,1,0,2,9,91.2,0.0,91.2
1005,2025-02-16,10227,Andina,App,Aseo,Tarjeta,68.8,5,0,2,11,344.0,0.0,344.0
1006,2025-12-03,10398,Pacífica,App,Hogar,Tarjeta,7.58,6,0,4,9,45.48,0.0,45.48
1007,2025-11-07,10067,Pacífica,Web,Aseo,Tarjeta,60.66,4,5,5,12,242.64,12.13,230.51
1008,2025-07-03,10419,Caribe,Web,Snacks,Transferencia,78.11,5,0,7,8,390.55,0.0,390.55
1009,2025-09-25,10117,Andina,Web,Snacks,Tarjeta,48.09,1,5,8,9,48.09,2.4,45.69
1010,2025-07-09,10069,Andina,Web,Deporte,Tarjeta,38.48,3,0,5,9,115.44,0.0,115.44
1011,2025-04-09,10349,Amazonía,App,Tecnología,Tarjeta,110.16,3,15,7,9,330.48,49.57,280.91
1012,2025-10-19,10387,Caribe,Web,Bebidas,Tarjeta,21.46,5,20,6,9,107.3,21.46,85.84
1013,2025-03-31,10302,Orinoquía,Web,Deporte,Transferencia,106.76,3,10,8,8,320.28,32.03,288.25
1014,2025-04-25,10057,Caribe,Web,Tecnología,Transferencia,61.15,5,0,3,10,305.75,0.0,305.75
1015,2025-07-09,10057,Amazonía,Web,Bebidas,Tarjeta,45.31,2,15,6,10,90.62,13.59,77.03
1016,2025-11-02,10195,Andina,Web,Tecnología,Tarjeta,65.03,4,0,3,9,260.12,0.0,260.12
1017,2025-05-21,10225,Andina,App,Hogar,Tarjeta,42.98,2,15,4,9,85.96,12.89,73.07
1018,2025-06-30,10499,Amazonía,App,Deporte,Tarjeta,114.0,4,10,5,9,456.0,45.6,410.4
1019,2025-01-16,10143,Amazonía,Web,Aseo,Tarjeta,51.55,1,5,7,7,51.55,2.58,48.97
1020,2025-02-12,10096,Andina,App,Hogar,Tarjeta,42.7,5,0,4,11,213.5,0.0,213.5
1021,2025-01-21,10472,Caribe,App,Snacks,Tarjeta,20.86,1,20,4,9,20.86,4.17,16.69
1022,2025-01-27,10076,Caribe,Web,Snacks,PSE,9.68,6,25,7,10,58.08,14.52,43.56
1023,2025-11-14,10013,Caribe,App,Hogar,Tarjeta,27.47,6,10,36,0,164.82,16.48,148.34
1024,2025-11-04,10211,Andina,Web,Tecnología,Tarjeta,103.43,4,25,7,9,413.72,103.43,310.29
1025,2025-10-27,10200,Orinoquía,Web,Deporte,Tarjeta,99.53,6,25,5,10,597.18,149.29,447.89
1026,2025-01-21,10309,Andina,Web,Tecnología,Tarjeta,76.81,5,0,1,9,384.05,0.0,384.05
1027,2025-01-29,10438,Pacífica,Web,Hogar,Tarjeta,89.55,1,15,5,8,89.55,13.43,76.12
1028,2025-04-13,10466,Andina,App,Hogar,Tarjeta,39.21,5,0,1,12,196.05,0.0,196.05
1029,2025-07-26,10144,Andina,Tienda,Aseo,Tarjeta,44.79,3,5,2,10,134.37,6.72,127.65
1030,2025-05-02,10490,Pacífica,App,Tecnología,Tarjeta,56.25,6,0,5,10,337.5,0.0,337.5
1031,2025-06-27,10316,Andina,App,Snacks,Efectivo,53.76,6,25,2,12,322.56,80.64,241.92
1032,2025-03-05,10034,Pacífica,App,Snacks,Transferencia,70.8,6,15,3,9,424.8,63.72,361.08
1033,2025-09-24,10469,Andina,Tienda,Deporte,Tarjeta,21.11,3,0,3,10,63.33,0.0,63.33
1034,2025-04-25,10068,Amazonía,Web,Hogar,Tarjeta,47.38,2,5,8,8,94.76,4.74,90.02
1035,2025-01-25,10294,Pacífica,Web,Aseo,PSE,74.54,1,5,7,7,74.54,3.73,70.81
1036,2025-09-29,10395,Orinoquía,App,Deporte,PSE,30.12,1,15,6,9,30.12,4.52,25.6
1037,2025-11-26,10124,Andina,Web,Deporte,Tarjeta,87.71,6,25,2,11,526.26,131.56,394.7
1038,2025-01-06,10135,Andina,Web,Snacks,Tarjeta,57.31,4,0,1,9,229.24,0.0,229.24
1039,2025-06-09,10238,Caribe,Web,Hogar,Tarjeta,56.72,3,5,4,9,170.16,8.51,161.65
1040,2025-10-29,10442,Caribe,App,Aseo,PSE,60.4,3,10,2,10,181.2,18.12,163.08
1041,2025-09-15,10111,Andina,Web,Tecnología,Tarjeta,168.73,2,5,1,12,337.46,16.87,320.59
1042,2025-11-09,10331,Andina,Web,Deporte,Tarjeta,127.22,4,10,4,7,508.88,50.89,457.99
1043,2025-06-01,10226,Caribe,Web,Hogar,Tarjeta,53.64,3,0,2,10,160.92,0.0,160.92
1044,2025-05-16,10055,Andina,Web,Tecnología,Tarjeta,77.92,5,0,5,8,389.6,0.0,389.6
1045,2025-09-16,10355,Caribe,App,Hogar,Tarjeta,34.76,1,5,4,8,34.76,1.74,33.02
1046,2025-02-26,10416,Andina,Web,Deporte,PSE,99.44,6,20,3,10,596.64,119.33,477.31
1047,2025-03-29,10287,Andina,App,Aseo,Tarjeta,22.34,1,0,1,10,22.34,0.0,22.34
1048,2025-08-08,10088,Pacífica,App,Aseo,Tarjeta,44.5,3,0,6,9,133.5,0.0,133.5
1049,2025-09-01,10077,Caribe,Web,Aseo,Tarjeta,51.53,3,15,5,9,154.59,23.19,131.4
1050,2025-02-13,10211,Andina,App,Deporte,Efectivo,57.11,5,25,2,12,285.55,71.39,214.16
1051,2025-07-05,10253,Caribe,App,Hogar,Tarjeta,61.16,4,5,5,10,244.64,12.23,232.41
1052,2025-05-14,10276,Orinoquía,App,Bebidas,Tarjeta,89.14,2,0,4,10,178.28,0.0,178.28
1053,2025-07-03,10121,Caribe,Web,Bebidas,Tarjeta,41.86,3,10,2,9,125.58,12.56,113.02
1054,2025-12-16,10250,Pacífica,Web,Hogar,Efectivo,45.42,4,5,3,10,181.68,9.08,172.6
1055,2025-01-28,10147,Amazonía,Tienda,Tecnología,Efectivo,139.21,3,10,7,9,417.63,41.76,375.87
1056,2025-12-30,10343,Caribe,App,Aseo,Efectivo,54.24,1,0,4,8,54.24,0.0,54.24
1057,2025-06-14,10398,Amazonía,Tienda,Hogar,PSE,86.67,2,0,8,6,173.34,0.0,173.34
1058,2025-10-09,10326,Orinoquía,Tienda,Tecnología,Tarjeta,105.52,4,0,4,6,422.08,0.0,422.08
1059,2025-06-04,10000,Andina,Web,Hogar,Tarjeta,49.53,2,15,4,10,99.06,14.86,84.2
1060,2025-04-24,10496,Caribe,App,Deporte,Tarjeta,20.49,4,5,4,9,81.96,4.1,77.86
1061,2025-10-09,10011,Pacífica,Web,Hogar,PSE,19.37,1,0,4,7,19.37,0.0,19.37
1062,2025-09-08,10499,Amazonía,App,Tecnología,PSE,26.31,5,5,8,9,131.55,6.58,124.97
1063,2025-02-22,10015,Caribe,Web,Tecnología,Tarjeta,114.02,2,15,5,9,228.04,34.21,193.83
1064,2025-09-15,10258,Andina,Web,Hogar,Efectivo,25.03,4,0,2,11,100.12,0.0,100.12
1065,2025-10-02,10052,Pacífica,App,Bebidas,Tarjeta,66.1,6,10,5,9,396.6,39.66,356.94
1066,2025-05-22,10047,Andina,App,Aseo,Tarjeta,50.1,3,10,3,8,150.3,15.03,135.27
1067,2025-12-04,10341,Orinoquía,App,Bebidas,Tarjeta,39.7,1,5,6,9,39.7,1.99,37.71
1068,2025-08-22,10363,Caribe,Web,Hogar,Efectivo,36.44,1,25,4,11,36.44,9.11,27.33
1069,2025-05-02,10059,Pacífica,Web,Bebidas,Transferencia,54.95,3,20,3,9,164.85,32.97,131.88
1070,2025-01-04,10488,Orinoquía,Tienda,Hogar,Tarjeta,37.3,1,0,6,6,37.3,0.0,37.3
1071,2025-09-04,10160,Pacífica,Web,Aseo,Transferencia,29.99,6,0,4,9,179.94,0.0,179.94
1072,2025-03-18,10159,Pacífica,Web,Bebidas,Efectivo,64.91,6,0,4,8,389.46,0.0,389.46
1073,2025-10-04,10148,Orinoquía,App,Bebidas,Efectivo,50.24,6,0,6,10,301.44,0.0,301.44
1074,2025-07-11,10230,Orinoquía,Web,Hogar,Efectivo,49.83,6,10,8,8,298.98,29.9,269.08
1075,2025-06-20,10088,Orinoquía,App,Bebidas,Tarjeta,55.29,4,20,7,11,221.16,44.23,176.93
1076,2025-03-01,10212,Andina,Web,Deporte,Efectivo,71.76,2,20,2,8,143.52,28.7,114.82
1077,2025-09-17,10104,Pacífica,App,Tecnología,PSE,114.17,3,0,4,9,342.51,0.0,342.51
1078,2025-03-02,10025,Andina,Tienda,Tecnología,PSE,66.65,2,5,4,11,133.3,6.67,126.63
1079,2025-06-02,10184,Orinoquía,Tienda,Snacks,Tarjeta,70.38,6,0,2,8,422.28,0.0,422.28
1080,2025-11-02,10336,Pacífica,App,Tecnología,PSE,76.05,3,10,6,8,228.15,22.82,205.33
1081,2025-12-02,10381,Caribe,Web,Hogar,Transferencia,89.23,3,0,2,9,267.69,0.0,267.69
1082,2025-12-28,10176,Andina,App,Aseo,Tarjeta,45.76,5,25,1,10,228.8,57.2,171.6
1083,2025-12-16,10161,Andina,App,Bebidas,Transferencia,58.2,3,20,2,11,174.6,34.92,139.68
1084,2025-07-22,10393,Pacífica,App,Hogar,Tarjeta,71.15,3,0,8,6,213.45,0.0,213.45
1085,2025-03-15,10340,Andina,App,Tecnología,Tarjeta,144.42,2,10,5,9,288.84,28.88,259.96
1086,2025-11-03,10416,Andina,App,Bebidas,Tarjeta,29.21,1,10,4,10,29.21,2.92,26.29
1087,2025-10-20,10453,Orinoquía,App,Bebidas,Efectivo,62.93,1,15,7,8,62.93,9.44,53.49
1088,2025-12-28,10410,Orinoquía,App,Aseo,PSE,86.06,3,5,4,8,258.18,12.91,245.27
1089,2025-08-26,10468,Andina,Web,Hogar,Tarjeta,49.31,6,0,3,10,295.86,0.0,295.86
1090,2025-02-21,10208,Andina,Web,Aseo,PSE,50.19,2,10,2,11,100.38,10.04,90.34
1091,2025-07-03,10197,Amazonía,App,Aseo,Tarjeta,39.14,4,0,6,7,156.56,0.0,156.56
1092,2025-06-13,10160,Pacífica,Web,Snacks,Tarjeta,33.16,2,10,6,7,66.32,6.63,59.69
1093,2025-11-04,10117,Pacífica,App,Bebidas,Efectivo,74.12,2,0,4,8,148.24,0.0,148.24
1094,2025-05-24,10374,Andina,App,Bebidas,PSE,26.33,1,10,4,10,26.33,2.63,23.7
1095,2025-04-30,10357,Andina,Web,Bebidas,Efectivo,27.42,4,20,1,11,109.68,21.94,87.74
1096,2025-01-30,10400,Andina,App,Tecnología,PSE,162.79,4,0,3,10,651.16,0.0,651.16
1097,2025-11-01,10083,Pacífica,App,Tecnología,Transferencia,123.73,3,5,3,9,371.19,18.56,352.63
1098,2025-10-03,10245,Andina,App,Aseo,Tarjeta,91.48,4,15,2,9,365.92,54.89,311.03
1099,2025-01-16,10110,Andina,Web,Bebidas,Tarjeta,36.07,3,0,4,10,108.21,0.0,108.21
1100,2025-06-08,10446,Pacífica,App,Aseo,Tarjeta,52.0,2,10,3,9,104.0,10.4,93.6
1101,2025-06-25,10133,Amazonía,Web,Deporte,PSE,52.6,5,10,9,8,263.0,26.3,236.7
1102,2025-06-21,10071,Orinoquía,App,Snacks,PSE,40.71,4,5,6,7,162.84,8.14,154.7
1103,2025-12-02,10284,Caribe,Web,Aseo,PSE,14.37,1,20,4,9,14.37,2.87,11.5
1104,2025-02-24,10439,Caribe,App,Hogar,Tarjeta,70.07,3,10,3,11,210.21,21.02,189.19
1105,2025-04-22,10457,Caribe,App,Snacks,Tarjeta,43.48,3,10,4,8,130.44,13.04,117.4
1106,2025-03-08,10048,Andina,App,Aseo,PSE,48.36,5,0,2,10,241.8,0.0,241.8
1107,2025-03-31,10162,Caribe,Web,Aseo,Transferencia,41.77,2,0,5,6,83.54,0.0,83.54
1108,2025-11-28,10076,Caribe,App,Aseo,Tarjeta,31.78,6,0,4,8,190.68,0.0,190.68
1109,2025-12-10,10153,Pacífica,App,Tecnología,Tarjeta,127.82,4,20,-3,12,511.28,102.26,409.02
1110,2025-01-17,10266,Orinoquía,Web,Hogar,Tarjeta,29.24,1,20,10,10,29.24,5.85,23.39
1111,2025-08-19,10140,Amazonía,Tienda,Bebidas,Tarjeta,53.01,3,15,7,7,159.03,23.85,135.18
1112,2025-03-26,10033,Andina,App,Bebidas,Tarjeta,80.51,6,0,2,10,483.06,0.0,483.06
1113,2025-03-12,10255,Caribe,Tienda,Aseo,Tarjeta,78.91,2,10,4,11,157.82,15.78,142.04
1114,2025-04-17,10026,Andina,Tienda,Deporte,PSE,28.45,5,15,1,10,142.25,21.34,120.91
1115,2025-03-12,10113,Caribe,Tienda,Bebidas,Tarjeta,34.55,5,10,3,9,172.75,17.28,155.47
1116,2025-06-28,10000,Andina,App,Bebidas,Tarjeta,51.42,5,0,2,10,257.1,0.0,257.1
1117,2025-12-30,10043,Andina,App,Tecnología,Tarjeta,96.22,1,20,1,9,96.22,19.24,76.98
1118,2025-08-03,10218,Orinoquía,Web,Aseo,Transferencia,21.79,3,0,8,7,65.37,0.0,65.37
1119,2025-09-21,10425,Caribe,Web,Snacks,Tarjeta,44.43,3,0,4,10,133.29,0.0,133.29
1120,2025-06-30,10387,Amazonía,App,Snacks,Tarjeta,38.35,3,20,7,10,115.05,23.01,92.04
1121,2025-01-06,10049,Andina,Web,Hogar,Tarjeta,97.12,6,5,2,9,582.72,29.14,553.58
1122,2025-01-31,10017,Andina,App,Hogar,PSE,49.43,1,5,8,8,49.43,2.47,46.96
1123,2025-04-09,10169,Caribe,Web,Hogar,Efectivo,80.7,4,10,4,10,322.8,32.28,290.52
1124,2025-03-30,10326,Andina,Web,Snacks,Tarjeta,18.99,6,30,1,12,113.94,34.18,79.76
1125,2025-11-03,10373,Andina,Web,Hogar,Tarjeta,32.38,6,0,1,9,194.28,0.0,194.28
1126,2025-11-04,10411,Amazonía,Web,Deporte,Tarjeta,92.14,4,15,9,10,368.56,55.28,313.28
1127,2025-11-08,10171,Andina,Web,Snacks,PSE,55.19,6,0,5,10,331.14,0.0,331.14
1128,2025-08-21,10084,Andina,Web,Aseo,Transferencia,30.54,3,0,2,10,91.62,0.0,91.62
1129,2025-07-23,10013,Pacífica,App,Bebidas,Tarjeta,44.42,4,5,7,7,177.68,8.88,168.8
1130,2025-08-25,10073,Caribe,Web,Hogar,Tarjeta,24.61,4,10,6,7,98.44,9.84,88.6
1131,2025-05-29,10032,Pacífica,Web,Bebidas,Efectivo,40.81,1,0,5,8,40.81,0.0,40.81
1132,2025-09-02,10430,Caribe,Web,Snacks,PSE,51.39,1,5,4,9,51.39,2.57,48.82
1133,2025-10-17,10134,Orinoquía,Web,Tecnología,Tarjeta,81.78,6,10,7,6,490.68,49.07,441.61
1134,2025-10-06,10411,Andina,Web,Bebidas,Tarjeta,39.62,2,10,4,10,79.24,7.92,71.32
1135,2025-08-13,10276,Caribe,App,Deporte,Tarjeta,39.19,3,15,5,11,117.57,17.64,99.93
1136,2025-01-22,10269,Pacífica,App,Aseo,Efectivo,36.66,4,20,4,10,146.64,29.33,117.31
1137,2025-09-22,10227,Orinoquía,Web,Aseo,PSE,84.31,4,5,7,7,337.24,16.86,320.38
1138,2025-05-14,10409,Caribe,App,Hogar,PSE,56.6,4,5,7,7,226.4,11.32,215.08
1139,2025-09-29,10021,Pacífica,Web,Hogar,Efectivo,32.95,6,5,6,9,197.7,9.88,187.82
1140,2025-07-16,10046,Andina,Web,Aseo,Tarjeta,43.27,5,10,28,2,216.35,21.64,194.71
1141,2025-11-18,10211,Andina,App,Deporte,Tarjeta,25.81,6,0,4,9,154.86,0.0,154.86
1142,2025-05-04,10197,Andina,Web,Deporte,Tarjeta,42.5,4,0,4,10,170.0,0.0,170.0
1143,2025-12-06,10272,Pacífica,App,Snacks,Efectivo,59.45,6,0,5,10,356.7,0.0,356.7
1144,2025-11-05,10368,Andina,Web,Tecnología,PSE,93.36,4,5,5,7,373.44,18.67,354.77
1145,2025-05-01,10293,Pacífica,Web,Snacks,Tarjeta,67.62,4,25,6,10,270.48,67.62,202.86
1146,2025-06-26,10128,Andina,Web,Deporte,Tarjeta,68.77,5,10,4,9,343.85,34.39,309.46
1147,2025-07-13,10163,Orinoquía,Web,Snacks,PSE,37.95,6,5,6,8,227.7,11.38,216.32
1148,2025-10-08,10376,Orinoquía,Tienda,Snacks,PSE,48.37,1,10,6,10,48.37,4.84,43.53
1149,2025-09-09,10100,Andina,Web,Tecnología,PSE,10.8,6,10,3,11,64.8,6.48,58.32
1150,2025-11-07,10252,Andina,App,Tecnología,Tarjeta,107.12,5,5,2,11,535.6,26.78,508.82
1151,2025-05-16,10269,Andina,App,Bebidas,Transferencia,43.14,6,5,7,9,258.84,12.94,245.9
1152,2025-07-04,10375,Orinoquía,App,Hogar,Efectivo,87.69,5,15,4,9,438.45,65.77,372.68
1153,2025-06-07,10357,Andina,Web,Aseo,PSE,68.6,6,0,5,8,411.6,0.0,411.6
1154,2025-11-28,10232,Caribe,Web,Hogar,PSE,30.06,2,10,3,8,60.12,6.01,54.11
1155,2025-04-22,10154,Caribe,Web,Hogar,Transferencia,82.33,2,10,5,11,164.66,16.47,148.19
1156,2025-08-03,10183,Orinoquía,App,Deporte,Transferencia,64.0,2,15,27,2,128.0,19.2,108.8
1157,2025-02-13,10205,Caribe,Web,Deporte,PSE,45.63,2,30,3,11,91.26,27.38,63.88
1158,2025-11-07,10109,Caribe,Tienda,Hogar,Tarjeta,59.34,2,15,3,11,118.68,17.8,100.88
1159,2025-05-21,10312,Amazonía,App,Tecnología,Tarjeta,90.97,3,10,7,7,272.91,27.29,245.62
1160,2025-05-05,10104,Andina,Web,Deporte,Efectivo,115.5,2,0,2,8,231.0,0.0,231.0
1161,2025-08-01,10324,Orinoquía,App,Snacks,PSE,43.75,1,10,8,10,43.75,4.38,39.37
1162,2025-07-02,10375,Andina,Web,Tecnología,Tarjeta,107.14,4,20,2,11,428.56,85.71,342.85
1163,2025-11-06,10480,Caribe,Tienda,Tecnología,Tarjeta,134.67,5,25,5,9,673.35,168.34,505.01
1164,2025-07-13,10059,Orinoquía,Web,Bebidas,Transferencia,63.23,1,20,5,9,63.23,12.65,50.58
1165,2025-07-08,10379,Pacífica,Tienda,Deporte,Efectivo,93.91,4,0,1,11,375.64,0.0,375.64
1166,2025-02-08,10042,Pacífica,App,Tecnología,Transferencia,155.21,4,15,4,11,620.84,93.13,527.71
1167,2025-01-09,10168,Andina,App,Aseo,Tarjeta,61.55,5,20,1,9,307.75,61.55,246.2
1168,2025-05-26,10088,Caribe,Web,Aseo,Efectivo,52.82,1,10,7,10,52.82,5.28,47.54
1169,2025-12-31,10081,Caribe,App,Aseo,Efectivo,74.04,5,10,2,11,370.2,37.02,333.18
1170,2025-12-01,10087,Caribe,Web,Deporte,Tarjeta,68.9,1,10,3,9,68.9,6.89,62.01
1171,2025-08-18,10021,Caribe,App,Deporte,Tarjeta,72.45,2,10,5,8,144.9,14.49,130.41
1172,2025-08-19,10411,Andina,Web,Tecnología,Transferencia,167.17,2,0,2,11,334.34,0.0,334.34
1173,2025-05-23,10030,Andina,Web,Hogar,Tarjeta,90.68,6,0,1,10,544.08,0.0,544.08
1174,2025-03-06,10199,Andina,Web,Bebidas,PSE,43.86,2,20,6,7,87.72,17.54,70.18
1175,2025-01-04,10349,Caribe,Web,Deporte,PSE,58.53,5,25,3,10,292.65,73.16,219.49
1176,2025-05-04,10495,Andina,Web,Bebidas,PSE,69.75,6,20,3,12,418.5,83.7,334.8
1177,2025-04-26,10426,Orinoquía,App,Snacks,Tarjeta,50.83,6,0,6,8,304.98,0.0,304.98
1178,2025-03-11,10068,Pacífica,Web,Bebidas,PSE,49.55,2,0,6,7,99.1,0.0,99.1
1179,2025-04-05,10493,Andina,App,Deporte,Tarjeta,62.29,1,0,4,8,62.29,0.0,62.29
1180,2025-01-10,10326,Pacífica,Web,Aseo,Efectivo,56.07,2,20,4,12,112.14,22.43,89.71
1181,2025-08-10,10089,Orinoquía,App,Snacks,Tarjeta,38.17,5,10,6,10,190.85,19.08,171.77
1182,2025-12-05,10224,Andina,App,Bebidas,PSE,32.31,2,25,2,12,64.62,16.16,48.46
1183,2025-09-10,10458,Andina,Web,Aseo,Efectivo,52.06,4,0,4,9,208.24,0.0,208.24
1184,2025-06-13,10196,Andina,App,Tecnología,Tarjeta,109.51,3,10,1,12,328.53,32.85,295.68
1185,2025-06-03,10091,Andina,Tienda,Deporte,Tarjeta,60.76,5,15,6,8,303.8,45.57,258.23
1186,2025-04-23,10437,Orinoquía,App,Hogar,Efectivo,74.88,4,0,5,9,299.52,0.0,299.52
1187,2025-02-21,10476,Amazonía,Web,Hogar,Tarjeta,83.35,4,25,8,9,333.4,83.35,250.05
1188,2025-08-07,10487,Andina,Web,Deporte,Tarjeta,99.24,5,10,1,12,496.2,49.62,446.58
1189,2025-07-26,10477,Pacífica,App,Deporte,Tarjeta,63.6,6,0,3,9,381.6,0.0,381.6
1190,2025-01-03,10436,Andina,Web,Snacks,Transferencia,50.14,3,0,2,9,150.42,0.0,150.42
1191,2025-06-01,10227,Pacífica,App,Deporte,PSE,73.73,4,20,3,10,294.92,58.98,235.94
1192,2025-04-12,10096,Orinoquía,Web,Hogar,Tarjeta,27.81,4,10,6,7,111.24,11.12,100.12
1193,2025-03-04,10308,Caribe,App,Deporte,Transferencia,90.74,5,15,-3,9,453.7,68.05,385.65
1194,2025-09-14,10110,Andina,Web,Bebidas,Tarjeta,46.57,3,15,4,11,139.71,20.96,118.75
1195,2025-07-11,10236,Pacífica,Web,Bebidas,Tarjeta,89.65,3,5,4,9,268.95,13.45,255.5
1196,2025-08-20,10328,Amazonía,Tienda,Deporte,Tarjeta,113.18,6,15,5,9,679.08,101.86,577.22
1197,2025-09-18,10473,Andina,App,Tecnología,Tarjeta,127.16,6,25,2,12,762.96,190.74,572.22
1198,2025-12-25,10144,Andina,App,Snacks,Tarjeta,42.34,4,0,4,10,169.36,0.0,169.36
1199,2025-10-21,10125,Andina,Tienda,Deporte,PSE,76.18,1,15,3,10,76.18,11.43,64.75
1200,2025-08-15,10367,Pacífica,Web,Bebidas,Tarjeta,26.34,2,0,5,11,52.68,0.0,52.68
